[2026-09-22 09:43:31] Dossier introuvable : C:\Users\008-15-ELEVE\Downloads\Untitled-1.ipynb
[2026-09-22 09:43:31] Rapport sauvegardé : scan_report.json
[2026-09-22 09:44:11] Dossier introuvable : C:\Users\008-15-ELEVE\Downloads
[2026-09-22 09:44:11] Rapport sauvegardé : scan_report.json
[2026-09-22 09:47:08] Chemin introuvable : C:\Users\008-15-ELEVE\Downloads
[2026-09-22 09:48:08] Chemin introuvable : C:\Users\008-15-ELEVE
[2026-09-22 09:50:11] Rapport sauvegardé : /workspaces/projet-antivirus/scan_report.json
[2026-09-22 09:51:27] [SUSPECT] /home/codespace/.local/share/jupyter/lab/static/9029.72fbdeecbac5889f.js (extension: .js)
[2026-09-22 09:51:27] [SUSPECT] /home/codespace/.local/share/jupyter/lab/static/3071.838fd3a7554dd171.js (extension: .js)
[2026-09-22 09:51:27] [SUSPECT] /home/codespace/.local/share/jupyter/lab/static/1344.7c0e73be6aeed30b.js (extension: .js)
[2026-09-22 09:51:27] [SUSPECT] /home/codespace/.local/share/jupyter/lab/static/3502.2a088e489938b55f.js (extension: .js)
[2026-09-22 09:51:27] [SUSPECT] /home/codespace/.local/share/jupyter/lab/static/9303.c60c457976074d21.js (extension: .js)
[2026-09-22 09:51:27] [SUSPECT] /home/codespace/.local/share/jupyter/lab/static/840.097aa3a6454708e0.js (extension: .js)
[2026-09-22 09:51:27] [SUSPECT] /home/codespace/.local/share/jupyter/lab/static/298.14d454ce4b32b3cb.js (extension: .js)
[2026-09-22 09:51:27] [SUSPECT] /home/codespace/.local/share/jupyter/lab/static/52.7e412bab2a382a4b.js (extension: .js)
[2026-09-22 09:51:27] [SUSPECT] /home/codespace/.local/share/jupyter/lab/static/6523.d49becf7e3284255.js (extension: .js)
[2026-09-22 09:51:27] [SUSPECT] /home/codespace/.local/share/jupyter/lab/static/3459.387b0b56c73ca3d1.js (extension: .js)
[2026-09-22 09:51:27] [SUSPECT] /home/codespace/.local/share/jupyter/lab/static/875.6483eb89fd8d09e0.js (extension: .js)
[2026-09-22 09:51:27] [SUSPECT] /home/codespace/.local/share/jupyter/lab/static/293.9e31f21f77925d6d.js (extension: .js)
[2026-09-22 09:51:27] [SUSPECT] /home/codespace/.local/share/jupyter/lab/static/5112.6b421092c62def94.js (extension: .js)
[2026-09-22 09:51:27] [SUSPECT] /home/codespace/.local/share/jupyter/lab/static/4845.6da260237bbb8966.js (extension: .js)
[2026-09-22 09:51:27] [SUSPECT] /home/codespace/.local/share/jupyter/lab/static/3801.2a49fc8317ea8350.js (extension: .js)
[2026-09-22 09:51:27] [SUSPECT] /home/codespace/.local/share/jupyter/lab/static/1984.129e1d8ddca9362f.js (extension: .js)
[2026-09-22 09:51:27] [SUSPECT] /home/codespace/.local/share/jupyter/lab/static/9954.aa40d27c3a9319cc.js (extension: .js)
[2026-09-22 09:51:27] [SUSPECT] /home/codespace/.local/share/jupyter/lab/static/6445.327be8f9e454c735.js (extension: .js)
[2026-09-22 09:51:27] [SUSPECT] /home/codespace/.local/share/jupyter/lab/static/3288.0379d6d2ee2b1de4.js (extension: .js)
[2026-09-22 09:51:27] [SUSPECT] /home/codespace/.local/share/jupyter/lab/static/5121.60a6f2420855edfe.js (extension: .js)
[2026-09-22 09:51:27] [SUSPECT] /home/codespace/.local/share/jupyter/lab/static/style.js (extension: .js)
[2026-09-22 09:51:27] [SUSPECT] /home/codespace/.local/share/jupyter/lab/static/5786.2d554c43063b5a1c.js (extension: .js)
[2026-09-22 09:51:27] [SUSPECT] /home/codespace/.local/share/jupyter/lab/static/5260.1901af9c24d663ff.js (extension: .js)
[2026-09-22 09:51:27] [SUSPECT] /home/codespace/.local/share/jupyter/lab/static/3481.72f0535629efba91.js (extension: .js)
[2026-09-22 09:51:27] [SUSPECT] /home/codespace/.local/share/jupyter/lab/static/518.3e2d29a1fff0ce98.js (extension: .js)
[2026-09-22 09:51:27] [SUSPECT] /home/codespace/.local/share/jupyter/lab/static/962.33ba5c4701b5060f.js (extension: .js)
[2026-09-22 09:51:27] [SUSPECT] /home/codespace/.local/share/jupyter/lab/static/6925.54225e26e0024dde.js (extension: .js)
[2026-09-22 09:51:27] [SUSPECT] /home/codespace/.local/share/jupyter/lab/static/2874.ea9bd8ad31b1acb0.js (extension: .js)
[2026-09-22 09:51:27] [SUSPECT] /home/codespace/.local/share/jupyter/lab/static/2287.a918ef4a3b6b8f66.js (extension: .js)
[2026-09-22 09:51:27] [SUSPECT] /home/codespace/.local/share/jupyter/lab/static/7335.075b979f938ebf2e.js (extension: .js)
[2026-09-22 09:51:27] [SUSPECT] /home/codespace/.local/share/jupyter/lab/static/479.bdbaa5d2cdd9bc91.js (extension: .js)
[2026-09-22 09:51:27] [SUSPECT] /home/codespace/.local/share/jupyter/lab/static/992.1e5b27001dad0742.js (extension: .js)
[2026-09-22 09:51:27] [SUSPECT] /home/codespace/.local/share/jupyter/lab/static/5695.5cbe004c8157ef7a.js (extension: .js)
[2026-09-22 09:51:27] [SUSPECT] /home/codespace/.local/share/jupyter/lab/static/8256.1e4dcd667fab41ae.js (extension: .js)
[2026-09-22 09:51:27] [SUSPECT] /home/codespace/.local/share/jupyter/lab/static/6506.c5495027d50f4c04.js (extension: .js)
[2026-09-22 09:51:27] [SUSPECT] /home/codespace/.local/share/jupyter/lab/static/1815.b4c56924ee770a55.js (extension: .js)
[2026-09-22 09:51:27] [SUSPECT] /home/codespace/.local/share/jupyter/lab/static/3968.b2bb6b9a5ddda9c3.js (extension: .js)
[2026-09-22 09:51:27] [SUSPECT] /home/codespace/.local/share/jupyter/lab/static/2323.c7bce40851364fb3.js (extension: .js)
[2026-09-22 09:51:27] [SUSPECT] /home/codespace/.local/share/jupyter/lab/static/5560.d4dcb973b404cdb2.js (extension: .js)
[2026-09-22 09:51:27] [SUSPECT] /home/codespace/.local/share/jupyter/lab/static/753.6dbee5789f5b7169.js (extension: .js)
[2026-09-22 09:51:27] [SUSPECT] /home/codespace/.local/share/jupyter/lab/static/5098.4ee4636d061dc431.js (extension: .js)
[2026-09-22 09:51:27] [SUSPECT] /home/codespace/.local/share/jupyter/lab/static/2461.eb1ea097b2eb54cf.js (extension: .js)
[2026-09-22 09:51:27] [SUSPECT] /home/codespace/.local/share/jupyter/lab/static/5092.6ac83eda32fe365b.js (extension: .js)
[2026-09-22 09:51:27] [SUSPECT] /home/codespace/.local/share/jupyter/lab/static/7045.803530a771e0dcfb.js (extension: .js)
[2026-09-22 09:51:27] [SUSPECT] /home/codespace/.local/share/jupyter/lab/static/6237.491f37a4e6aeb893.js (extension: .js)
[2026-09-22 09:51:27] [SUSPECT] /home/codespace/.local/share/jupyter/lab/static/6490.f54dda44c0e31459.js (extension: .js)
[2026-09-22 09:51:27] [SUSPECT] /home/codespace/.local/share/jupyter/lab/static/4204.25e6678031ce64da.js (extension: .js)
[2026-09-22 09:51:27] [SUSPECT] /home/codespace/.local/share/jupyter/lab/static/2208.ef6ea98c27c7851d.js (extension: .js)
[2026-09-22 09:51:27] [SUSPECT] /home/codespace/.local/share/jupyter/lab/static/7503.3cd4c5714722eb75.js (extension: .js)
[2026-09-22 09:51:27] [SUSPECT] /home/codespace/.local/share/jupyter/lab/static/8915.1ef5165c4f3674df.js (extension: .js)
[2026-09-22 09:51:27] [SUSPECT] /home/codespace/.local/share/jupyter/lab/static/7520.c6ce7217e69f7c4b.js (extension: .js)
[2026-09-22 09:51:27] [SUSPECT] /home/codespace/.local/share/jupyter/lab/static/jlab_core.a3196067513a13d4.js (extension: .js)
[2026-09-22 09:51:27] [SUSPECT] /home/codespace/.local/share/jupyter/lab/static/2841.86506b718eec3c99.js (extension: .js)
[2026-09-22 09:51:27] [SUSPECT] /home/codespace/.local/share/jupyter/lab/static/4545.70eefc0dbcb94c56.js (extension: .js)
[2026-09-22 09:51:27] [SUSPECT] /home/codespace/.local/share/jupyter/lab/static/8276.ea5cac11a29255a6.js (extension: .js)
[2026-09-22 09:51:27] [SUSPECT] /home/codespace/.local/share/jupyter/lab/static/3588.79c167117ee5e79a.js (extension: .js)
[2026-09-22 09:51:27] [SUSPECT] /home/codespace/.local/share/jupyter/lab/static/8690.593b205a1e45263d.js (extension: .js)
[2026-09-22 09:51:27] [SUSPECT] /home/codespace/.local/share/jupyter/lab/static/29.7a78d733ea4303ef.js (extension: .js)
[2026-09-22 09:51:27] [SUSPECT] /home/codespace/.local/share/jupyter/lab/static/3854.c1914441ea5bae8d.js (extension: .js)
[2026-09-22 09:51:27] [SUSPECT] /home/codespace/.local/share/jupyter/lab/static/6973.383e2936fdfbf6de.js (extension: .js)
[2026-09-22 09:51:27] [SUSPECT] /home/codespace/.local/share/jupyter/lab/static/2521.60af3fcdacace00b.js (extension: .js)
[2026-09-22 09:51:27] [SUSPECT] /home/codespace/.local/share/jupyter/lab/static/2004.2f631b96f5439cea.js (extension: .js)
[2026-09-22 09:51:27] [SUSPECT] /home/codespace/.local/share/jupyter/lab/static/1539.2f9625818a3d1b90.js (extension: .js)
[2026-09-22 09:51:27] [SUSPECT] /home/codespace/.local/share/jupyter/lab/static/2134.a7a5751faf22fd80.js (extension: .js)
[2026-09-22 09:51:27] [SUSPECT] /home/codespace/.local/share/jupyter/lab/static/279.1d87a19f5d7ab5ba.js (extension: .js)
[2026-09-22 09:51:27] [SUSPECT] /home/codespace/.local/share/jupyter/lab/static/3221.993c168647fb91ad.js (extension: .js)
[2026-09-22 09:51:27] [SUSPECT] /home/codespace/.local/share/jupyter/lab/static/8220.e749d8d144cdb1fe.js (extension: .js)
[2026-09-22 09:51:27] [SUSPECT] /home/codespace/.local/share/jupyter/lab/static/8774.ed0400e7546c7247.js (extension: .js)
[2026-09-22 09:51:27] [SUSPECT] /home/codespace/.local/share/jupyter/lab/static/6520.714093c7cf7d24fa.js (extension: .js)
[2026-09-22 09:51:27] [SUSPECT] /home/codespace/.local/share/jupyter/lab/static/bootstrap.js (extension: .js)
[2026-09-22 09:51:27] [SUSPECT] /home/codespace/.local/share/jupyter/lab/static/2814.dbb035d0ef740a9d.js (extension: .js)
[2026-09-22 09:51:27] [SUSPECT] /home/codespace/.local/share/jupyter/lab/static/795.8863d889ed52477d.js (extension: .js)
[2026-09-22 09:51:27] [SUSPECT] /home/codespace/.local/share/jupyter/lab/static/7178.73884bf9ba7f9b15.js (extension: .js)
[2026-09-22 09:51:27] [SUSPECT] /home/codespace/.local/share/jupyter/lab/static/5361.6c4649b65b9b677d.js (extension: .js)
[2026-09-22 09:51:27] [SUSPECT] /home/codespace/.local/share/jupyter/lab/static/9543.a8244c58cf9a6f50.js (extension: .js)
[2026-09-22 09:51:27] [SUSPECT] /home/codespace/.local/share/jupyter/lab/static/2299.55a1012700ee6259.js (extension: .js)
[2026-09-22 09:51:27] [SUSPECT] /home/codespace/.local/share/jupyter/lab/static/6046.dc0342f041d9a57e.js (extension: .js)
[2026-09-22 09:51:27] [SUSPECT] /home/codespace/.local/share/jupyter/lab/static/1617.cc66edd89898364c.js (extension: .js)
[2026-09-22 09:51:27] [SUSPECT] /home/codespace/.local/share/jupyter/lab/static/7904.183ecadda1cbac81.js (extension: .js)
[2026-09-22 09:51:27] [SUSPECT] /home/codespace/.local/share/jupyter/lab/static/6700.624ed993d5241bd6.js (extension: .js)
[2026-09-22 09:51:27] [SUSPECT] /home/codespace/.local/share/jupyter/lab/static/3702.bb3bb0b9a9626bd4.js (extension: .js)
[2026-09-22 09:51:27] [SUSPECT] /home/codespace/.local/share/jupyter/lab/static/8171.c78c2cb7fef28816.js (extension: .js)
[2026-09-22 09:51:27] [SUSPECT] /home/codespace/.local/share/jupyter/lab/static/5536.b41e413ca860c880.js (extension: .js)
[2026-09-22 09:51:27] [SUSPECT] /home/codespace/.local/share/jupyter/lab/static/219.2389a53dc040cbd0.js (extension: .js)
[2026-09-22 09:51:27] [SUSPECT] /home/codespace/.local/share/jupyter/lab/static/2563.bdd3149d69816d76.js (extension: .js)
[2026-09-22 09:51:27] [SUSPECT] /home/codespace/.local/share/jupyter/lab/static/1584.f43d421d2384c719.js (extension: .js)
[2026-09-22 09:51:27] [SUSPECT] /home/codespace/.local/share/jupyter/lab/static/1325.1a013842dc2be176.js (extension: .js)
[2026-09-22 09:51:27] [SUSPECT] /home/codespace/.local/share/jupyter/lab/static/8450.2d2bdcd5f53625ef.js (extension: .js)
[2026-09-22 09:51:27] [SUSPECT] /home/codespace/.local/share/jupyter/lab/static/130.6ae02d05d1662acf.js (extension: .js)
[2026-09-22 09:51:27] [SUSPECT] /home/codespace/.local/share/jupyter/lab/static/4672.7e8d3c7ebaca758b.js (extension: .js)
[2026-09-22 09:51:27] [SUSPECT] /home/codespace/.local/share/jupyter/lab/static/3312.e5f6edb28463f660.js (extension: .js)
[2026-09-22 09:51:27] [SUSPECT] /home/codespace/.local/share/jupyter/lab/static/7646.4e5abe6a14f86bd3.js (extension: .js)
[2026-09-22 09:51:27] [SUSPECT] /home/codespace/.local/share/jupyter/lab/static/6599.9902a78dc05c8f24.js (extension: .js)
[2026-09-22 09:51:27] [SUSPECT] /home/codespace/.local/share/jupyter/lab/static/6507.3185bd2c238291f5.js (extension: .js)
[2026-09-22 09:51:27] [SUSPECT] /home/codespace/.local/share/jupyter/lab/static/4402.a3418dcfee7961fa.js (extension: .js)
[2026-09-22 09:51:27] [SUSPECT] /home/codespace/.local/share/jupyter/lab/static/9797.ee26bfc157f6b602.js (extension: .js)
[2026-09-22 09:51:27] [SUSPECT] /home/codespace/.local/share/jupyter/lab/static/170.bf91d89e4b982380.js (extension: .js)
[2026-09-22 09:51:27] [SUSPECT] /home/codespace/.local/share/jupyter/lab/static/5972.5f8363a8e415817a.js (extension: .js)
[2026-09-22 09:51:27] [SUSPECT] /home/codespace/.local/share/jupyter/lab/static/1027.289ea871537e71a7.js (extension: .js)
[2026-09-22 09:51:27] [SUSPECT] /home/codespace/.local/share/jupyter/lab/static/8901.ce25f099d5c8a915.js (extension: .js)
[2026-09-22 09:51:27] [SUSPECT] /home/codespace/.local/share/jupyter/lab/static/213.4168e841092fb2f0.js (extension: .js)
[2026-09-22 09:51:27] [SUSPECT] /home/codespace/.local/share/jupyter/lab/static/4674.02b8876e400198a2.js (extension: .js)
[2026-09-22 09:51:27] [SUSPECT] /home/codespace/.local/share/jupyter/lab/static/8160.3efb802572a85b5e.js (extension: .js)
[2026-09-22 09:51:27] [SUSPECT] /home/codespace/.local/share/jupyter/lab/static/7208.45afae246938b9e2.js (extension: .js)
[2026-09-22 09:51:27] [SUSPECT] /home/codespace/.local/share/jupyter/lab/static/2011.2e10f24e0a331c02.js (extension: .js)
[2026-09-22 09:51:27] [SUSPECT] /home/codespace/.local/share/jupyter/lab/static/863.305741bdc94095c1.js (extension: .js)
[2026-09-22 09:51:27] [SUSPECT] /home/codespace/.local/share/jupyter/lab/static/7674.ae2be431343e7b4f.js (extension: .js)
[2026-09-22 09:51:27] [SUSPECT] /home/codespace/.local/share/jupyter/lab/static/616.eead7f6763461e23.js (extension: .js)
[2026-09-22 09:51:27] [SUSPECT] /home/codespace/.local/share/jupyter/lab/static/4324.764a63584c864a84.js (extension: .js)
[2026-09-22 09:51:27] [SUSPECT] /home/codespace/.local/share/jupyter/lab/static/6591.eed6e3252517a873.js (extension: .js)
[2026-09-22 09:51:27] [SUSPECT] /home/codespace/.local/share/jupyter/lab/static/364.bcb9782f2a53ddba.js (extension: .js)
[2026-09-22 09:51:27] [SUSPECT] /home/codespace/.local/share/jupyter/lab/static/main.910e4a95b492eb7e.js (extension: .js)
[2026-09-22 09:51:27] [SUSPECT] /home/codespace/.local/share/jupyter/lab/static/4350.8660e174406ea5be.js (extension: .js)
[2026-09-22 09:51:27] [SUSPECT] /home/codespace/.local/share/jupyter/lab/static/9661.655bf8f7a2179fc9.js (extension: .js)
[2026-09-22 09:51:27] [SUSPECT] /home/codespace/.local/share/jupyter/lab/static/1164.8f9ceacce3ada5a5.js (extension: .js)
[2026-09-22 09:51:27] [SUSPECT] /home/codespace/.local/share/jupyter/lab/static/6091.c33ea6c1d12337e9.js (extension: .js)
[2026-09-22 09:51:27] [SUSPECT] /home/codespace/.local/share/jupyter/lab/static/5269.526be35f2326f6d5.js (extension: .js)
[2026-09-22 09:51:27] [SUSPECT] /home/codespace/.local/share/jupyter/lab/static/4529.df0e69513649e036.js (extension: .js)
[2026-09-22 09:51:27] [SUSPECT] /home/codespace/.local/share/jupyter/lab/static/4889.054114d42698ba53.js (extension: .js)
[2026-09-22 09:51:27] [SUSPECT] /home/codespace/.local/share/jupyter/lab/static/5590.b1eff6ecc707d732.js (extension: .js)
[2026-09-22 09:51:27] [SUSPECT] /home/codespace/.local/share/jupyter/lab/static/1207.29d49de7be30f3c3.js (extension: .js)
[2026-09-22 09:51:27] [SUSPECT] /home/codespace/.local/share/jupyter/lab/static/6226.17128996c369590f.js (extension: .js)
[2026-09-22 09:51:27] [SUSPECT] /home/codespace/.local/share/jupyter/lab/static/4699.9a951709f4e3ac3b.js (extension: .js)
[2026-09-22 09:51:27] [SUSPECT] /home/codespace/.local/share/jupyter/lab/static/4518.7178f5d20f9b21c8.js (extension: .js)
[2026-09-22 09:51:27] [SUSPECT] /home/codespace/.local/share/jupyter/lab/static/6268.c7463ce37d9a9e1a.js (extension: .js)
[2026-09-22 09:51:27] [SUSPECT] /home/codespace/.local/share/jupyter/lab/static/9202.e985dbfa0c547ac4.js (extension: .js)
[2026-09-22 09:51:27] [SUSPECT] /home/codespace/.local/share/jupyter/lab/static/8117.be77bf91abba08f8.js (extension: .js)
[2026-09-22 09:51:27] [SUSPECT] /home/codespace/.local/share/jupyter/lab/static/4550.097f83560a3b698b.js (extension: .js)
[2026-09-22 09:51:27] [SUSPECT] /home/codespace/.local/share/jupyter/lab/static/5950.746569d70231a7a3.js (extension: .js)
[2026-09-22 09:51:27] [SUSPECT] /home/codespace/.local/share/jupyter/lab/static/6460.cfd47bf7b3826e3c.js (extension: .js)
[2026-09-22 09:51:27] [SUSPECT] /home/codespace/.local/share/jupyter/lab/static/7945.a101bb619f061c07.js (extension: .js)
[2026-09-22 09:51:27] [SUSPECT] /home/codespace/.local/share/jupyter/lab/static/3859.403a786cad5dbcb1.js (extension: .js)
[2026-09-22 09:51:27] [SUSPECT] /home/codespace/.local/share/jupyter/lab/static/9198.1ee665a54bb815d8.js (extension: .js)
[2026-09-22 09:51:27] [SUSPECT] /home/codespace/.local/share/jupyter/lab/static/6210.f06451ec672125de.js (extension: .js)
[2026-09-22 09:51:27] [SUSPECT] /home/codespace/.local/share/jupyter/lab/static/5633.af0479b6c739b55f.js (extension: .js)
[2026-09-22 09:51:27] [SUSPECT] /home/codespace/.local/share/jupyter/lab/static/6128.e0b412861d5dc655.js (extension: .js)
[2026-09-22 09:51:27] [SUSPECT] /home/codespace/.local/share/jupyter/lab/static/1286.7087e8344ef3005e.js (extension: .js)
[2026-09-22 09:51:27] [SUSPECT] /home/codespace/.local/share/jupyter/lab/static/1645.ed332d3fefafaead.js (extension: .js)
[2026-09-22 09:51:27] [SUSPECT] /home/codespace/.local/share/jupyter/lab/static/4232.15151af47a0093e1.js (extension: .js)
[2026-09-22 09:51:27] [SUSPECT] /home/codespace/.local/share/jupyter/lab/static/4395.a391f759c80d1173.js (extension: .js)
[2026-09-22 09:51:27] [SUSPECT] /home/codespace/.local/share/jupyter/lab/static/3684.a33054656643494f.js (extension: .js)
[2026-09-22 09:51:27] [SUSPECT] /home/codespace/.local/share/jupyter/lab/static/4501.8968b41e3c311fa4.js (extension: .js)
[2026-09-22 09:51:27] [SUSPECT] /home/codespace/.local/share/jupyter/lab/static/1460.b9d12dc72e63ec38.js (extension: .js)
[2026-09-22 09:51:27] [SUSPECT] /home/codespace/.local/share/jupyter/lab/static/1527.6dfbfd27636edb2e.js (extension: .js)
[2026-09-22 09:51:27] [SUSPECT] /home/codespace/.local/share/jupyter/lab/static/4474.8417de259dd57241.js (extension: .js)
[2026-09-22 09:51:27] [SUSPECT] /home/codespace/.local/share/jupyter/lab/static/8334.96a40ee125603c0b.js (extension: .js)
[2026-09-22 09:51:27] [SUSPECT] /home/codespace/.local/share/jupyter/lab/static/9325.b2a91650c8023d6f.js (extension: .js)
[2026-09-22 09:51:27] [SUSPECT] /home/codespace/.local/share/jupyter/lab/static/1028.812a1281fd9f7ba1.js (extension: .js)
[2026-09-22 09:51:27] [SUSPECT] /home/codespace/.local/share/jupyter/lab/static/8193.9632c310b34a061a.js (extension: .js)
[2026-09-22 09:51:27] [SUSPECT] /home/codespace/.local/share/jupyter/lab/static/1917.12a55957e6bd6fd0.js (extension: .js)
[2026-09-22 09:51:27] [SUSPECT] /home/codespace/.local/share/jupyter/lab/static/6556.27620b8340ce7baa.js (extension: .js)
[2026-09-22 09:51:27] [SUSPECT] /home/codespace/.local/share/jupyter/lab/static/4379.b42d95e853a44d36.js (extension: .js)
[2026-09-22 09:51:27] [SUSPECT] /home/codespace/.local/share/jupyter/lab/static/2121.8dc495824b1f59ce.js (extension: .js)
[2026-09-22 09:51:27] [SUSPECT] /home/codespace/.local/share/jupyter/lab/static/8237.c8dda379f753c54f.js (extension: .js)
[2026-09-22 09:51:27] [SUSPECT] /home/codespace/.local/share/jupyter/lab/static/2692.eee86b8138bc264e.js (extension: .js)
[2026-09-22 09:51:27] [SUSPECT] /home/codespace/.local/share/jupyter/lab/static/6715.9ed7169959ed7bbe.js (extension: .js)
[2026-09-22 09:51:27] [SUSPECT] /home/codespace/.local/share/jupyter/lab/static/3118.4862a7ce8cd88c72.js (extension: .js)
[2026-09-22 09:51:27] [SUSPECT] /home/codespace/.local/share/jupyter/lab/static/8608.b9176ffe9d48860a.js (extension: .js)
[2026-09-22 09:51:27] [SUSPECT] /home/codespace/.local/share/jupyter/lab/static/7465.89d45ad931f01de7.js (extension: .js)
[2026-09-22 09:51:27] [SUSPECT] /home/codespace/.local/share/jupyter/lab/static/9699.3f28ac81b1a6fe0d.js (extension: .js)
[2026-09-22 09:51:27] [SUSPECT] /home/codespace/.local/share/jupyter/lab/static/4818.15eaf82d426f67a6.js (extension: .js)
[2026-09-22 09:51:27] [SUSPECT] /home/codespace/.local/share/jupyter/lab/static/4607.01840ddc3a670dc8.js (extension: .js)
[2026-09-22 09:51:27] [SUSPECT] /home/codespace/.local/share/jupyter/lab/static/5091.fdbada73b8596c3a.js (extension: .js)
[2026-09-22 09:51:27] [SUSPECT] /home/codespace/.local/share/jupyter/lab/static/5365.5cde9e2eed3459e1.js (extension: .js)
[2026-09-22 09:51:27] [SUSPECT] /home/codespace/.local/share/jupyter/lab/static/2115.aaf130fb21b64ca1.js (extension: .js)
[2026-09-22 09:51:27] [SUSPECT] /home/codespace/.local/share/jupyter/lab/static/6544.a6dd73c3eb3b7acc.js (extension: .js)
[2026-09-22 09:51:27] [SUSPECT] /home/codespace/.local/share/jupyter/lab/static/5199.774d95482e8610ed.js (extension: .js)
[2026-09-22 09:51:27] [SUSPECT] /home/codespace/.local/share/jupyter/lab/static/1014.073326ef5d98db5e.js (extension: .js)
[2026-09-22 09:51:27] [SUSPECT] /home/codespace/.local/share/jupyter/lab/static/7624.84e163118dc91e21.js (extension: .js)
[2026-09-22 09:51:27] [SUSPECT] /home/codespace/.local/share/jupyter/lab/static/4385.29cdf9dd304b8c00.js (extension: .js)
[2026-09-22 09:51:27] [SUSPECT] /home/codespace/.local/share/jupyter/lab/static/7124.f66cecdfccaf71e3.js (extension: .js)
[2026-09-22 09:51:27] [SUSPECT] /home/codespace/.local/share/jupyter/lab/static/556.93609824fb812907.js (extension: .js)
[2026-09-22 09:51:27] [SUSPECT] /home/codespace/.local/share/jupyter/lab/static/7471.519beb728a80a53d.js (extension: .js)
[2026-09-22 09:51:27] [SUSPECT] /home/codespace/.local/share/jupyter/lab/static/8396.e78222626412f2da.js (extension: .js)
[2026-09-22 09:51:27] [SUSPECT] /home/codespace/.local/share/jupyter/lab/static/9111.92bcfcf14003ad2f.js (extension: .js)
[2026-09-22 09:51:27] [SUSPECT] /home/codespace/.local/share/jupyter/lab/static/7351.ae40313f9570f35e.js (extension: .js)
[2026-09-22 09:51:27] [SUSPECT] /home/codespace/.local/share/jupyter/lab/static/7658.eefc75d66e1237f4.js (extension: .js)
[2026-09-22 09:51:27] [SUSPECT] /home/codespace/.local/share/jupyter/lab/static/6363.6af9bee83fc1545e.js (extension: .js)
[2026-09-22 09:51:27] [SUSPECT] /home/codespace/.local/share/jupyter/lab/static/988.f2a9b9e578d483be.js (extension: .js)
[2026-09-22 09:51:27] [SUSPECT] /home/codespace/.local/share/jupyter/lab/static/7303.2f76fa853e5156a1.js (extension: .js)
[2026-09-22 09:51:27] [SUSPECT] /home/codespace/.local/share/jupyter/lab/static/173.0f2f9c4254903e63.js (extension: .js)
[2026-09-22 09:51:27] [SUSPECT] /home/codespace/.local/share/jupyter/lab/static/5393.e1ea0a2854451599.js (extension: .js)
[2026-09-22 09:51:27] [SUSPECT] /home/codespace/.local/share/jupyter/lab/static/1447.0dc5eacf8f731ec8.js (extension: .js)
[2026-09-22 09:51:27] [SUSPECT] /home/codespace/.local/share/jupyter/lab/static/5771.81ccf7f308486f21.js (extension: .js)
[2026-09-22 09:51:27] [SUSPECT] /home/codespace/.local/share/jupyter/lab/static/9599.dd974794b7c07169.js (extension: .js)
[2026-09-22 09:51:27] [SUSPECT] /home/codespace/.local/share/jupyter/lab/static/4743.95a1b3de81f80653.js (extension: .js)
[2026-09-22 09:51:27] [SUSPECT] /home/codespace/.local/share/jupyter/lab/static/1601.c443d46d5b6dbb77.js (extension: .js)
[2026-09-22 09:51:27] [SUSPECT] /home/codespace/.local/share/jupyter/lab/static/2527.c3d675c406bf83b7.js (extension: .js)
[2026-09-22 09:51:27] [SUSPECT] /home/codespace/.local/share/jupyter/lab/static/9508.cf689ff58640c53a.js (extension: .js)
[2026-09-22 09:51:27] [SUSPECT] /home/codespace/.local/share/jupyter/lab/static/index.out.js (extension: .js)
[2026-09-22 09:51:27] [SUSPECT] /home/codespace/.local/share/jupyter/lab/static/4489.c64fdc8db0dead6d.js (extension: .js)
[2026-09-22 09:51:27] [SUSPECT] /home/codespace/.local/share/jupyter/lab/static/7164.ba599183b562fd19.js (extension: .js)
[2026-09-22 09:51:27] [SUSPECT] /home/codespace/.local/share/jupyter/lab/static/2914.93ec2ce85349bfcb.js (extension: .js)
[2026-09-22 09:51:27] [SUSPECT] /home/codespace/.local/share/jupyter/lab/static/9726.64286dad27041c11.js (extension: .js)
[2026-09-22 09:51:27] [SUSPECT] /home/codespace/.local/share/jupyter/lab/static/1311.39c4bb0b68584307.js (extension: .js)
[2026-09-22 09:51:27] [SUSPECT] /home/codespace/.local/share/jupyter/lab/static/9701.05648707e9bb8b5d.js (extension: .js)
[2026-09-22 09:51:27] [SUSPECT] /home/codespace/.local/share/jupyter/lab/static/8680.bb5e6e1f4a04dd0d.js (extension: .js)
[2026-09-22 09:51:27] [SUSPECT] /home/codespace/.local/share/jupyter/lab/static/79.3f3f05b6ad30d5b2.js (extension: .js)
[2026-09-22 09:51:27] [SUSPECT] /home/codespace/.local/share/jupyter/lab/static/8481.8d09bdb5f4090057.js (extension: .js)
[2026-09-22 09:51:27] [SUSPECT] /home/codespace/.local/share/jupyter/lab/static/9518.eb5fcc76b3bcd2d0.js (extension: .js)
[2026-09-22 09:51:27] [SUSPECT] /home/codespace/.local/share/jupyter/lab/static/3395.deb605f5e3565fba.js (extension: .js)
[2026-09-22 09:51:27] [SUSPECT] /home/codespace/.local/share/jupyter/lab/static/7556.376fb09ef7f361a2.js (extension: .js)
[2026-09-22 09:51:27] [SUSPECT] /home/codespace/.local/share/jupyter/lab/static/6307.abc431b32e13adf5.js (extension: .js)
[2026-09-22 09:51:27] [SUSPECT] /home/codespace/.local/share/jupyter/lab/static/7517.b4d8b77497bdb47f.js (extension: .js)
[2026-09-22 09:51:27] [SUSPECT] /home/codespace/.local/share/jupyter/lab/static/6401.b0b48dd9f0b7bb70.js (extension: .js)
[2026-09-22 09:51:27] [SUSPECT] /home/codespace/.local/share/jupyter/lab/static/2985.0927e52ba300a767.js (extension: .js)
[2026-09-22 09:51:27] [SUSPECT] /home/codespace/.local/share/jupyter/lab/static/5132.1738325d3b452d0c.js (extension: .js)
[2026-09-22 09:51:27] [SUSPECT] /home/codespace/.local/share/jupyter/lab/static/1410.1d8b2fb31efaebee.js (extension: .js)
[2026-09-22 09:51:27] [SUSPECT] /home/codespace/.local/share/jupyter/lab/static/3058.b4a2fce8c76a0dc7.js (extension: .js)
[2026-09-22 09:51:27] [SUSPECT] /home/codespace/.local/share/jupyter/lab/static/2001.fcd2209118a7e77d.js (extension: .js)
[2026-09-22 09:51:27] [SUSPECT] /home/codespace/.local/share/jupyter/lab/static/109.493a12dc42da3115.js (extension: .js)
[2026-09-22 09:51:27] [SUSPECT] /home/codespace/.local/share/jupyter/lab/static/6740.c8a5ff3db279dfe6.js (extension: .js)
[2026-09-22 09:51:27] [SUSPECT] /home/codespace/.local/share/jupyter/lab/static/3244.fc189622bc1b7623.js (extension: .js)
[2026-09-22 09:51:27] [SUSPECT] /home/codespace/.local/share/jupyter/lab/static/6329.cf5cdb43452b6d98.js (extension: .js)
[2026-09-22 09:51:27] [SUSPECT] /home/codespace/.local/share/jupyter/lab/static/4726.a26e5e177770dbdd.js (extension: .js)
[2026-09-22 09:51:27] [SUSPECT] /home/codespace/.local/share/jupyter/lab/static/7329.06440d69c17605fa.js (extension: .js)
[2026-09-22 09:51:27] [SUSPECT] /home/codespace/.local/share/jupyter/lab/static/9565.1e22fdb334167178.js (extension: .js)
[2026-09-22 09:51:27] [SUSPECT] /home/codespace/.local/share/jupyter/lab/static/3508.adc857c378089e63.js (extension: .js)
[2026-09-22 09:51:27] [SUSPECT] /home/codespace/.local/share/jupyter/lab/static/2751.054be16d1de152ed.js (extension: .js)
[2026-09-22 09:51:27] [SUSPECT] /home/codespace/.local/share/jupyter/lab/static/2272.1dd8f8d1ed60185f.js (extension: .js)
[2026-09-22 09:51:27] [SUSPECT] /home/codespace/.local/share/jupyter/lab/static/8710.afb8adb86f4ebcbb.js (extension: .js)
[2026-09-22 09:51:27] [SUSPECT] /home/codespace/.local/share/jupyter/lab/static/5681.1b71fd9241161445.js (extension: .js)
[2026-09-22 09:51:27] [SUSPECT] /home/codespace/.local/share/jupyter/lab/static/4251.502491875ee0f0d1.js (extension: .js)
[2026-09-22 09:51:27] [SUSPECT] /home/codespace/.local/share/jupyter/lab/static/7927.da23ef713a87584a.js (extension: .js)
[2026-09-22 09:51:27] [SUSPECT] /home/codespace/.local/share/jupyter/lab/static/442.cafd6178a234483f.js (extension: .js)
[2026-09-22 09:51:27] [SUSPECT] /home/codespace/.local/share/jupyter/lab/static/2857.ac62be053c711761.js (extension: .js)
[2026-09-22 09:51:27] [SUSPECT] /home/codespace/.local/share/jupyter/lab/static/1957.84d282100e18cd6c.js (extension: .js)
[2026-09-22 09:51:27] [SUSPECT] /home/codespace/.local/share/jupyter/lab/static/3946.5f42cf47e8320bf9.js (extension: .js)
[2026-09-22 09:51:27] [SUSPECT] /home/codespace/.local/share/jupyter/lab/static/1873.d0e670bd840a1d49.js (extension: .js)
[2026-09-22 09:51:27] [SUSPECT] /home/codespace/.local/share/jupyter/lab/static/3301.76c0882553a666a0.js (extension: .js)
[2026-09-22 09:51:27] [SUSPECT] /home/codespace/.local/share/jupyter/lab/static/2407.41669022954d447f.js (extension: .js)
[2026-09-22 09:51:27] [SUSPECT] /home/codespace/.local/share/jupyter/lab/static/8754.ee90775719c73894.js (extension: .js)
[2026-09-22 09:51:27] [SUSPECT] /home/codespace/.local/share/jupyter/lab/static/8777.b792426c6e1a7949.js (extension: .js)
[2026-09-22 09:51:27] [SUSPECT] /home/codespace/.local/share/jupyter/lab/static/7626.3a6cae02a9b4e2b6.js (extension: .js)
[2026-09-22 09:51:27] [SUSPECT] /home/codespace/.local/share/jupyter/lab/static/16.6cda5b6d5f0fa449.js (extension: .js)
[2026-09-22 09:51:27] [SUSPECT] /home/codespace/.local/share/jupyter/lab/static/9571.c203329fce5dca59.js (extension: .js)
[2026-09-22 09:51:27] [SUSPECT] /home/codespace/.local/share/jupyter/lab/static/415.d68965406d746cf6.js (extension: .js)
[2026-09-22 09:51:27] [SUSPECT] /home/codespace/.local/share/jupyter/lab/static/4797.ff27331deddd5f5e.js (extension: .js)
[2026-09-22 09:51:27] [SUSPECT] /home/codespace/.local/share/jupyter/lab/static/5968.885b22ebe1703fa9.js (extension: .js)
[2026-09-22 09:51:27] [SUSPECT] /home/codespace/.local/share/jupyter/lab/static/649.e0ad5b8a11471e53.js (extension: .js)
[2026-09-22 09:51:27] [SUSPECT] /home/codespace/.local/share/jupyter/lab/static/3762.bc2173c156f5a1fe.js (extension: .js)
[2026-09-22 09:51:27] [SUSPECT] /home/codespace/.local/share/jupyter/lab/static/9001.4f10419147a67141.js (extension: .js)
[2026-09-22 09:51:27] [SUSPECT] /home/codespace/.local/share/jupyter/lab/static/5371.b91aaf1a3fb37f5a.js (extension: .js)
[2026-09-22 09:51:27] [SUSPECT] /home/codespace/.local/share/jupyter/lab/static/2358.10a325f4d19e3817.js (extension: .js)
[2026-09-22 09:51:27] [SUSPECT] /home/codespace/.local/share/jupyter/lab/static/8209.0d84b19beaa90c18.js (extension: .js)
[2026-09-22 09:51:27] [SUSPECT] /home/codespace/.local/share/jupyter/lab/static/6482.17d9ad5d34b4312e.js (extension: .js)
[2026-09-22 09:51:27] [SUSPECT] /home/codespace/.local/share/jupyter/lab/static/2292.faf2551abff7e12e.js (extension: .js)
[2026-09-22 09:51:27] [SUSPECT] /home/codespace/.local/share/jupyter/lab/themes/@jupyterlab/theme-dark-extension/index.js (extension: .js)
[2026-09-22 09:51:27] [SUSPECT] /home/codespace/.local/share/jupyter/lab/themes/@jupyterlab/theme-dark-high-contrast-extension/index.js (extension: .js)
[2026-09-22 09:51:27] [SUSPECT] /home/codespace/.local/share/jupyter/lab/themes/@jupyterlab/theme-light-extension/index.js (extension: .js)
[2026-09-22 09:51:27] [SUSPECT] /home/codespace/.local/share/jupyter/labextensions/nbdime-jupyterlab/static/style.js (extension: .js)
[2026-09-22 09:51:27] [SUSPECT] /home/codespace/.local/share/jupyter/labextensions/nbdime-jupyterlab/static/737.96a14cb3b5d6168a27af.js (extension: .js)
[2026-09-22 09:51:27] [SUSPECT] /home/codespace/.local/share/jupyter/labextensions/nbdime-jupyterlab/static/remoteEntry.399ca30148d086cfdea3.js (extension: .js)
[2026-09-22 09:51:27] [SUSPECT] /home/codespace/.local/share/jupyter/labextensions/nbdime-jupyterlab/static/884.7a927b73adebf049a63c.js (extension: .js)
[2026-09-22 09:51:27] [SUSPECT] /home/codespace/.local/share/jupyter/labextensions/nbdime-jupyterlab/static/432.6e069ab57c833e976548.js (extension: .js)
[2026-09-22 09:51:27] [SUSPECT] /home/codespace/.local/share/jupyter/labextensions/nbdime-jupyterlab/static/637.81daf179365cb81d6574.js (extension: .js)
[2026-09-22 09:51:27] [SUSPECT] /home/codespace/.local/share/jupyter/labextensions/nbdime-jupyterlab/static/97.1f3db998feef1bde5345.js (extension: .js)
[2026-09-22 09:51:27] [SUSPECT] /home/codespace/.local/share/jupyter/labextensions/@jupyterlab/git/static/style.js (extension: .js)
[2026-09-22 09:51:27] [SUSPECT] /home/codespace/.local/share/jupyter/labextensions/@jupyterlab/git/static/0.a52497d93d3ab5d6e774.js (extension: .js)
[2026-09-22 09:51:27] [SUSPECT] /home/codespace/.local/share/jupyter/labextensions/@jupyterlab/git/static/30.73fe973023c4f16d41ec.js (extension: .js)
[2026-09-22 09:51:27] [SUSPECT] /home/codespace/.local/share/jupyter/labextensions/@jupyterlab/git/static/285.d254043b1bccbfe0ffe1.js (extension: .js)
[2026-09-22 09:51:27] [SUSPECT] /home/codespace/.local/share/jupyter/labextensions/@jupyterlab/git/static/624.3c85a6bbdbc51f9e1e49.js (extension: .js)
[2026-09-22 09:51:27] [SUSPECT] /home/codespace/.local/share/jupyter/labextensions/@jupyterlab/git/static/728.df5feda207a1e893cb5b.js (extension: .js)
[2026-09-22 09:51:27] [SUSPECT] /home/codespace/.local/share/jupyter/labextensions/@jupyterlab/git/static/148.cbf580212ab5aabb32e7.js (extension: .js)
[2026-09-22 09:51:27] [SUSPECT] /home/codespace/.local/share/jupyter/labextensions/@jupyterlab/git/static/767.cbf580212ab5aabb32e7.js (extension: .js)
[2026-09-22 09:51:27] [SUSPECT] /home/codespace/.local/share/jupyter/labextensions/@jupyterlab/git/static/344.f868eff75a53b5738300.js (extension: .js)
[2026-09-22 09:51:27] [SUSPECT] /home/codespace/.local/share/jupyter/labextensions/@jupyterlab/git/static/613.774f9311a797da98c78c.js (extension: .js)
[2026-09-22 09:51:27] [SUSPECT] /home/codespace/.local/share/jupyter/labextensions/@jupyterlab/git/static/868.d676597a2f2e6dc11da1.js (extension: .js)
[2026-09-22 09:51:27] [SUSPECT] /home/codespace/.local/share/jupyter/labextensions/@jupyterlab/git/static/746.63a629b4adcc39902469.js (extension: .js)
[2026-09-22 09:51:27] [SUSPECT] /home/codespace/.local/share/jupyter/labextensions/@jupyterlab/git/static/108.fa3d55390a5678f3187c.js (extension: .js)
[2026-09-22 09:51:27] [SUSPECT] /home/codespace/.local/share/jupyter/labextensions/@jupyterlab/git/static/85.84199acbf190cc469117.js (extension: .js)
[2026-09-22 09:51:27] [SUSPECT] /home/codespace/.local/share/jupyter/labextensions/@jupyterlab/git/static/remoteEntry.177e49c3144019a3feba.js (extension: .js)
[2026-09-22 09:51:27] [SUSPECT] /home/codespace/.local/share/jupyter/labextensions/@jupyterlab/git/static/591.f9d8c88a3bf3f554d558.js (extension: .js)
[2026-09-22 09:51:27] [SUSPECT] /home/codespace/.local/share/jupyter/labextensions/@jupyterlab/git/static/456.929ea0e72d77cc4fff0d.js (extension: .js)
[2026-09-22 09:51:27] [SUSPECT] /home/codespace/.local/share/jupyter/labextensions/@jupyterlab/git/static/189.455b1faea126dddf16a2.js (extension: .js)
[2026-09-22 09:51:27] [SUSPECT] /home/codespace/.local/share/jupyter/labextensions/@jupyterlab/git/static/736.77826831dce28644f3ae.js (extension: .js)
[2026-09-22 09:51:27] [SUSPECT] /home/codespace/.local/share/jupyter/labextensions/@jupyterlab/git/static/503.6c987d54befe07f6b2ef.js (extension: .js)
[2026-09-22 09:51:27] [SUSPECT] /home/codespace/.local/share/jupyter/labextensions/jupyterlab_pygments/static/style.js (extension: .js)
[2026-09-22 09:51:27] [SUSPECT] /home/codespace/.local/share/jupyter/labextensions/jupyterlab_pygments/static/568.1e2faa2ba0bbe59c4780.js (extension: .js)
[2026-09-22 09:51:27] [SUSPECT] /home/codespace/.local/share/jupyter/labextensions/jupyterlab_pygments/static/remoteEntry.5cbb9d2323598fbda535.js (extension: .js)
[2026-09-22 09:51:27] [SUSPECT] /home/codespace/.local/share/jupyter/labextensions/jupyterlab_pygments/static/747.67662283a5707eeb4d4c.js (extension: .js)
[2026-09-22 09:51:27] [SUSPECT] /home/codespace/.local/share/jupyter/nbextensions/nbdime/index.js (extension: .js)
[2026-09-22 09:51:28] [SUSPECT] /home/codespace/.local/lib/python3.14/site-packages/terminado/uimod_embed.js (extension: .js)
[2026-09-22 09:51:28] [SUSPECT] /home/codespace/.local/lib/python3.14/site-packages/jupyterlab/style.js (extension: .js)
[2026-09-22 09:51:28] [SUSPECT] /home/codespace/.local/lib/python3.14/site-packages/jupyterlab/node-version-check.js (extension: .js)
[2026-09-22 09:51:28] [SUSPECT] /home/codespace/.local/lib/python3.14/site-packages/jupyterlab/browser-test.js (extension: .js)
[2026-09-22 09:51:29] [SUSPECT] /home/codespace/.local/lib/python3.14/site-packages/jupyter_builder/yarn.js (extension: .js)
[2026-09-22 09:51:31] [SUSPECT] /home/codespace/.local/lib/python3.14/site-packages/debugpy/_vendored/pydevd/pydevd_attach_to_process/linux_and_mac/compile_manylinux.cmd (extension: .cmd)
[2026-09-22 09:51:31] [SUSPECT] /home/codespace/.local/lib/python3.14/site-packages/debugpy/_vendored/pydevd/pydevd_attach_to_process/windows/compile_windows.bat (extension: .bat)
[2026-09-22 09:51:31] [SUSPECT] /home/codespace/.local/lib/python3.14/site-packages/urllib3/contrib/emscripten/emscripten_fetch_worker.js (extension: .js)
[2026-09-22 09:51:32] [SUSPECT] /home/codespace/.local/lib/python3.14/site-packages/jupyterlab/static/9029.72fbdeecbac5889f.js (extension: .js)
[2026-09-22 09:51:32] [SUSPECT] /home/codespace/.local/lib/python3.14/site-packages/jupyterlab/static/3071.838fd3a7554dd171.js (extension: .js)
[2026-09-22 09:51:32] [SUSPECT] /home/codespace/.local/lib/python3.14/site-packages/jupyterlab/static/1344.7c0e73be6aeed30b.js (extension: .js)
[2026-09-22 09:51:32] [SUSPECT] /home/codespace/.local/lib/python3.14/site-packages/jupyterlab/static/3502.2a088e489938b55f.js (extension: .js)
[2026-09-22 09:51:32] [SUSPECT] /home/codespace/.local/lib/python3.14/site-packages/jupyterlab/static/9303.c60c457976074d21.js (extension: .js)
[2026-09-22 09:51:32] [SUSPECT] /home/codespace/.local/lib/python3.14/site-packages/jupyterlab/static/840.097aa3a6454708e0.js (extension: .js)
[2026-09-22 09:51:32] [SUSPECT] /home/codespace/.local/lib/python3.14/site-packages/jupyterlab/static/298.14d454ce4b32b3cb.js (extension: .js)
[2026-09-22 09:51:32] [SUSPECT] /home/codespace/.local/lib/python3.14/site-packages/jupyterlab/static/52.7e412bab2a382a4b.js (extension: .js)
[2026-09-22 09:51:32] [SUSPECT] /home/codespace/.local/lib/python3.14/site-packages/jupyterlab/static/6523.d49becf7e3284255.js (extension: .js)
[2026-09-22 09:51:32] [SUSPECT] /home/codespace/.local/lib/python3.14/site-packages/jupyterlab/static/3459.387b0b56c73ca3d1.js (extension: .js)
[2026-09-22 09:51:32] [SUSPECT] /home/codespace/.local/lib/python3.14/site-packages/jupyterlab/static/875.6483eb89fd8d09e0.js (extension: .js)
[2026-09-22 09:51:32] [SUSPECT] /home/codespace/.local/lib/python3.14/site-packages/jupyterlab/static/293.9e31f21f77925d6d.js (extension: .js)
[2026-09-22 09:51:32] [SUSPECT] /home/codespace/.local/lib/python3.14/site-packages/jupyterlab/static/5112.6b421092c62def94.js (extension: .js)
[2026-09-22 09:51:32] [SUSPECT] /home/codespace/.local/lib/python3.14/site-packages/jupyterlab/static/4845.6da260237bbb8966.js (extension: .js)
[2026-09-22 09:51:32] [SUSPECT] /home/codespace/.local/lib/python3.14/site-packages/jupyterlab/static/3801.2a49fc8317ea8350.js (extension: .js)
[2026-09-22 09:51:32] [SUSPECT] /home/codespace/.local/lib/python3.14/site-packages/jupyterlab/static/1984.129e1d8ddca9362f.js (extension: .js)
[2026-09-22 09:51:32] [SUSPECT] /home/codespace/.local/lib/python3.14/site-packages/jupyterlab/static/9954.aa40d27c3a9319cc.js (extension: .js)
[2026-09-22 09:51:32] [SUSPECT] /home/codespace/.local/lib/python3.14/site-packages/jupyterlab/static/6445.327be8f9e454c735.js (extension: .js)
[2026-09-22 09:51:32] [SUSPECT] /home/codespace/.local/lib/python3.14/site-packages/jupyterlab/static/3288.0379d6d2ee2b1de4.js (extension: .js)
[2026-09-22 09:51:32] [SUSPECT] /home/codespace/.local/lib/python3.14/site-packages/jupyterlab/static/5121.60a6f2420855edfe.js (extension: .js)
[2026-09-22 09:51:32] [SUSPECT] /home/codespace/.local/lib/python3.14/site-packages/jupyterlab/static/style.js (extension: .js)
[2026-09-22 09:51:32] [SUSPECT] /home/codespace/.local/lib/python3.14/site-packages/jupyterlab/static/5786.2d554c43063b5a1c.js (extension: .js)
[2026-09-22 09:51:32] [SUSPECT] /home/codespace/.local/lib/python3.14/site-packages/jupyterlab/static/5260.1901af9c24d663ff.js (extension: .js)
[2026-09-22 09:51:32] [SUSPECT] /home/codespace/.local/lib/python3.14/site-packages/jupyterlab/static/3481.72f0535629efba91.js (extension: .js)
[2026-09-22 09:51:32] [SUSPECT] /home/codespace/.local/lib/python3.14/site-packages/jupyterlab/static/518.3e2d29a1fff0ce98.js (extension: .js)
[2026-09-22 09:51:32] [SUSPECT] /home/codespace/.local/lib/python3.14/site-packages/jupyterlab/static/962.33ba5c4701b5060f.js (extension: .js)
[2026-09-22 09:51:32] [SUSPECT] /home/codespace/.local/lib/python3.14/site-packages/jupyterlab/static/6925.54225e26e0024dde.js (extension: .js)
[2026-09-22 09:51:32] [SUSPECT] /home/codespace/.local/lib/python3.14/site-packages/jupyterlab/static/2874.ea9bd8ad31b1acb0.js (extension: .js)
[2026-09-22 09:51:32] [SUSPECT] /home/codespace/.local/lib/python3.14/site-packages/jupyterlab/static/2287.a918ef4a3b6b8f66.js (extension: .js)
[2026-09-22 09:51:32] [SUSPECT] /home/codespace/.local/lib/python3.14/site-packages/jupyterlab/static/7335.075b979f938ebf2e.js (extension: .js)
[2026-09-22 09:51:32] [SUSPECT] /home/codespace/.local/lib/python3.14/site-packages/jupyterlab/static/479.bdbaa5d2cdd9bc91.js (extension: .js)
[2026-09-22 09:51:32] [SUSPECT] /home/codespace/.local/lib/python3.14/site-packages/jupyterlab/static/992.1e5b27001dad0742.js (extension: .js)
[2026-09-22 09:51:32] [SUSPECT] /home/codespace/.local/lib/python3.14/site-packages/jupyterlab/static/5695.5cbe004c8157ef7a.js (extension: .js)
[2026-09-22 09:51:32] [SUSPECT] /home/codespace/.local/lib/python3.14/site-packages/jupyterlab/static/8256.1e4dcd667fab41ae.js (extension: .js)
[2026-09-22 09:51:32] [SUSPECT] /home/codespace/.local/lib/python3.14/site-packages/jupyterlab/static/6506.c5495027d50f4c04.js (extension: .js)
[2026-09-22 09:51:32] [SUSPECT] /home/codespace/.local/lib/python3.14/site-packages/jupyterlab/static/1815.b4c56924ee770a55.js (extension: .js)
[2026-09-22 09:51:32] [SUSPECT] /home/codespace/.local/lib/python3.14/site-packages/jupyterlab/static/3968.b2bb6b9a5ddda9c3.js (extension: .js)
[2026-09-22 09:51:32] [SUSPECT] /home/codespace/.local/lib/python3.14/site-packages/jupyterlab/static/2323.c7bce40851364fb3.js (extension: .js)
[2026-09-22 09:51:32] [SUSPECT] /home/codespace/.local/lib/python3.14/site-packages/jupyterlab/static/5560.d4dcb973b404cdb2.js (extension: .js)
[2026-09-22 09:51:32] [SUSPECT] /home/codespace/.local/lib/python3.14/site-packages/jupyterlab/static/753.6dbee5789f5b7169.js (extension: .js)
[2026-09-22 09:51:32] [SUSPECT] /home/codespace/.local/lib/python3.14/site-packages/jupyterlab/static/5098.4ee4636d061dc431.js (extension: .js)
[2026-09-22 09:51:32] [SUSPECT] /home/codespace/.local/lib/python3.14/site-packages/jupyterlab/static/2461.eb1ea097b2eb54cf.js (extension: .js)
[2026-09-22 09:51:32] [SUSPECT] /home/codespace/.local/lib/python3.14/site-packages/jupyterlab/static/5092.6ac83eda32fe365b.js (extension: .js)
[2026-09-22 09:51:32] [SUSPECT] /home/codespace/.local/lib/python3.14/site-packages/jupyterlab/static/7045.803530a771e0dcfb.js (extension: .js)
[2026-09-22 09:51:32] [SUSPECT] /home/codespace/.local/lib/python3.14/site-packages/jupyterlab/static/6237.491f37a4e6aeb893.js (extension: .js)
[2026-09-22 09:51:32] [SUSPECT] /home/codespace/.local/lib/python3.14/site-packages/jupyterlab/static/6490.f54dda44c0e31459.js (extension: .js)
[2026-09-22 09:51:32] [SUSPECT] /home/codespace/.local/lib/python3.14/site-packages/jupyterlab/static/4204.25e6678031ce64da.js (extension: .js)
[2026-09-22 09:51:32] [SUSPECT] /home/codespace/.local/lib/python3.14/site-packages/jupyterlab/static/2208.ef6ea98c27c7851d.js (extension: .js)
[2026-09-22 09:51:32] [SUSPECT] /home/codespace/.local/lib/python3.14/site-packages/jupyterlab/static/7503.3cd4c5714722eb75.js (extension: .js)
[2026-09-22 09:51:32] [SUSPECT] /home/codespace/.local/lib/python3.14/site-packages/jupyterlab/static/8915.1ef5165c4f3674df.js (extension: .js)
[2026-09-22 09:51:32] [SUSPECT] /home/codespace/.local/lib/python3.14/site-packages/jupyterlab/static/7520.c6ce7217e69f7c4b.js (extension: .js)
[2026-09-22 09:51:32] [SUSPECT] /home/codespace/.local/lib/python3.14/site-packages/jupyterlab/static/jlab_core.a3196067513a13d4.js (extension: .js)
[2026-09-22 09:51:32] [SUSPECT] /home/codespace/.local/lib/python3.14/site-packages/jupyterlab/static/2841.86506b718eec3c99.js (extension: .js)
[2026-09-22 09:51:32] [SUSPECT] /home/codespace/.local/lib/python3.14/site-packages/jupyterlab/static/4545.70eefc0dbcb94c56.js (extension: .js)
[2026-09-22 09:51:32] [SUSPECT] /home/codespace/.local/lib/python3.14/site-packages/jupyterlab/static/8276.ea5cac11a29255a6.js (extension: .js)
[2026-09-22 09:51:32] [SUSPECT] /home/codespace/.local/lib/python3.14/site-packages/jupyterlab/static/3588.79c167117ee5e79a.js (extension: .js)
[2026-09-22 09:51:32] [SUSPECT] /home/codespace/.local/lib/python3.14/site-packages/jupyterlab/static/8690.593b205a1e45263d.js (extension: .js)
[2026-09-22 09:51:32] [SUSPECT] /home/codespace/.local/lib/python3.14/site-packages/jupyterlab/static/29.7a78d733ea4303ef.js (extension: .js)
[2026-09-22 09:51:32] [SUSPECT] /home/codespace/.local/lib/python3.14/site-packages/jupyterlab/static/3854.c1914441ea5bae8d.js (extension: .js)
[2026-09-22 09:51:32] [SUSPECT] /home/codespace/.local/lib/python3.14/site-packages/jupyterlab/static/6973.383e2936fdfbf6de.js (extension: .js)
[2026-09-22 09:51:32] [SUSPECT] /home/codespace/.local/lib/python3.14/site-packages/jupyterlab/static/2521.60af3fcdacace00b.js (extension: .js)
[2026-09-22 09:51:32] [SUSPECT] /home/codespace/.local/lib/python3.14/site-packages/jupyterlab/static/2004.2f631b96f5439cea.js (extension: .js)
[2026-09-22 09:51:32] [SUSPECT] /home/codespace/.local/lib/python3.14/site-packages/jupyterlab/static/1539.2f9625818a3d1b90.js (extension: .js)
[2026-09-22 09:51:32] [SUSPECT] /home/codespace/.local/lib/python3.14/site-packages/jupyterlab/static/2134.a7a5751faf22fd80.js (extension: .js)
[2026-09-22 09:51:32] [SUSPECT] /home/codespace/.local/lib/python3.14/site-packages/jupyterlab/static/279.1d87a19f5d7ab5ba.js (extension: .js)
[2026-09-22 09:51:32] [SUSPECT] /home/codespace/.local/lib/python3.14/site-packages/jupyterlab/static/3221.993c168647fb91ad.js (extension: .js)
[2026-09-22 09:51:32] [SUSPECT] /home/codespace/.local/lib/python3.14/site-packages/jupyterlab/static/8220.e749d8d144cdb1fe.js (extension: .js)
[2026-09-22 09:51:32] [SUSPECT] /home/codespace/.local/lib/python3.14/site-packages/jupyterlab/static/8774.ed0400e7546c7247.js (extension: .js)
[2026-09-22 09:51:32] [SUSPECT] /home/codespace/.local/lib/python3.14/site-packages/jupyterlab/static/6520.714093c7cf7d24fa.js (extension: .js)
[2026-09-22 09:51:32] [SUSPECT] /home/codespace/.local/lib/python3.14/site-packages/jupyterlab/static/bootstrap.js (extension: .js)
[2026-09-22 09:51:32] [SUSPECT] /home/codespace/.local/lib/python3.14/site-packages/jupyterlab/static/2814.dbb035d0ef740a9d.js (extension: .js)
[2026-09-22 09:51:32] [SUSPECT] /home/codespace/.local/lib/python3.14/site-packages/jupyterlab/static/795.8863d889ed52477d.js (extension: .js)
[2026-09-22 09:51:32] [SUSPECT] /home/codespace/.local/lib/python3.14/site-packages/jupyterlab/static/7178.73884bf9ba7f9b15.js (extension: .js)
[2026-09-22 09:51:32] [SUSPECT] /home/codespace/.local/lib/python3.14/site-packages/jupyterlab/static/5361.6c4649b65b9b677d.js (extension: .js)
[2026-09-22 09:51:32] [SUSPECT] /home/codespace/.local/lib/python3.14/site-packages/jupyterlab/static/9543.a8244c58cf9a6f50.js (extension: .js)
[2026-09-22 09:51:32] [SUSPECT] /home/codespace/.local/lib/python3.14/site-packages/jupyterlab/static/2299.55a1012700ee6259.js (extension: .js)
[2026-09-22 09:51:32] [SUSPECT] /home/codespace/.local/lib/python3.14/site-packages/jupyterlab/static/6046.dc0342f041d9a57e.js (extension: .js)
[2026-09-22 09:51:32] [SUSPECT] /home/codespace/.local/lib/python3.14/site-packages/jupyterlab/static/1617.cc66edd89898364c.js (extension: .js)
[2026-09-22 09:51:32] [SUSPECT] /home/codespace/.local/lib/python3.14/site-packages/jupyterlab/static/7904.183ecadda1cbac81.js (extension: .js)
[2026-09-22 09:51:32] [SUSPECT] /home/codespace/.local/lib/python3.14/site-packages/jupyterlab/static/6700.624ed993d5241bd6.js (extension: .js)
[2026-09-22 09:51:32] [SUSPECT] /home/codespace/.local/lib/python3.14/site-packages/jupyterlab/static/3702.bb3bb0b9a9626bd4.js (extension: .js)
[2026-09-22 09:51:32] [SUSPECT] /home/codespace/.local/lib/python3.14/site-packages/jupyterlab/static/8171.c78c2cb7fef28816.js (extension: .js)
[2026-09-22 09:51:32] [SUSPECT] /home/codespace/.local/lib/python3.14/site-packages/jupyterlab/static/5536.b41e413ca860c880.js (extension: .js)
[2026-09-22 09:51:32] [SUSPECT] /home/codespace/.local/lib/python3.14/site-packages/jupyterlab/static/219.2389a53dc040cbd0.js (extension: .js)
[2026-09-22 09:51:32] [SUSPECT] /home/codespace/.local/lib/python3.14/site-packages/jupyterlab/static/2563.bdd3149d69816d76.js (extension: .js)
[2026-09-22 09:51:32] [SUSPECT] /home/codespace/.local/lib/python3.14/site-packages/jupyterlab/static/1584.f43d421d2384c719.js (extension: .js)
[2026-09-22 09:51:32] [SUSPECT] /home/codespace/.local/lib/python3.14/site-packages/jupyterlab/static/1325.1a013842dc2be176.js (extension: .js)
[2026-09-22 09:51:32] [SUSPECT] /home/codespace/.local/lib/python3.14/site-packages/jupyterlab/static/8450.2d2bdcd5f53625ef.js (extension: .js)
[2026-09-22 09:51:32] [SUSPECT] /home/codespace/.local/lib/python3.14/site-packages/jupyterlab/static/130.6ae02d05d1662acf.js (extension: .js)
[2026-09-22 09:51:32] [SUSPECT] /home/codespace/.local/lib/python3.14/site-packages/jupyterlab/static/4672.7e8d3c7ebaca758b.js (extension: .js)
[2026-09-22 09:51:32] [SUSPECT] /home/codespace/.local/lib/python3.14/site-packages/jupyterlab/static/3312.e5f6edb28463f660.js (extension: .js)
[2026-09-22 09:51:32] [SUSPECT] /home/codespace/.local/lib/python3.14/site-packages/jupyterlab/static/7646.4e5abe6a14f86bd3.js (extension: .js)
[2026-09-22 09:51:32] [SUSPECT] /home/codespace/.local/lib/python3.14/site-packages/jupyterlab/static/6599.9902a78dc05c8f24.js (extension: .js)
[2026-09-22 09:51:32] [SUSPECT] /home/codespace/.local/lib/python3.14/site-packages/jupyterlab/static/6507.3185bd2c238291f5.js (extension: .js)
[2026-09-22 09:51:32] [SUSPECT] /home/codespace/.local/lib/python3.14/site-packages/jupyterlab/static/4402.a3418dcfee7961fa.js (extension: .js)
[2026-09-22 09:51:32] [SUSPECT] /home/codespace/.local/lib/python3.14/site-packages/jupyterlab/static/9797.ee26bfc157f6b602.js (extension: .js)
[2026-09-22 09:51:32] [SUSPECT] /home/codespace/.local/lib/python3.14/site-packages/jupyterlab/static/170.bf91d89e4b982380.js (extension: .js)
[2026-09-22 09:51:32] [SUSPECT] /home/codespace/.local/lib/python3.14/site-packages/jupyterlab/static/5972.5f8363a8e415817a.js (extension: .js)
[2026-09-22 09:51:32] [SUSPECT] /home/codespace/.local/lib/python3.14/site-packages/jupyterlab/static/1027.289ea871537e71a7.js (extension: .js)
[2026-09-22 09:51:32] [SUSPECT] /home/codespace/.local/lib/python3.14/site-packages/jupyterlab/static/8901.ce25f099d5c8a915.js (extension: .js)
[2026-09-22 09:51:32] [SUSPECT] /home/codespace/.local/lib/python3.14/site-packages/jupyterlab/static/213.4168e841092fb2f0.js (extension: .js)
[2026-09-22 09:51:32] [SUSPECT] /home/codespace/.local/lib/python3.14/site-packages/jupyterlab/static/4674.02b8876e400198a2.js (extension: .js)
[2026-09-22 09:51:32] [SUSPECT] /home/codespace/.local/lib/python3.14/site-packages/jupyterlab/static/8160.3efb802572a85b5e.js (extension: .js)
[2026-09-22 09:51:32] [SUSPECT] /home/codespace/.local/lib/python3.14/site-packages/jupyterlab/static/7208.45afae246938b9e2.js (extension: .js)
[2026-09-22 09:51:32] [SUSPECT] /home/codespace/.local/lib/python3.14/site-packages/jupyterlab/static/2011.2e10f24e0a331c02.js (extension: .js)
[2026-09-22 09:51:32] [SUSPECT] /home/codespace/.local/lib/python3.14/site-packages/jupyterlab/static/863.305741bdc94095c1.js (extension: .js)
[2026-09-22 09:51:32] [SUSPECT] /home/codespace/.local/lib/python3.14/site-packages/jupyterlab/static/7674.ae2be431343e7b4f.js (extension: .js)
[2026-09-22 09:51:32] [SUSPECT] /home/codespace/.local/lib/python3.14/site-packages/jupyterlab/static/616.eead7f6763461e23.js (extension: .js)
[2026-09-22 09:51:32] [SUSPECT] /home/codespace/.local/lib/python3.14/site-packages/jupyterlab/static/4324.764a63584c864a84.js (extension: .js)
[2026-09-22 09:51:32] [SUSPECT] /home/codespace/.local/lib/python3.14/site-packages/jupyterlab/static/6591.eed6e3252517a873.js (extension: .js)
[2026-09-22 09:51:32] [SUSPECT] /home/codespace/.local/lib/python3.14/site-packages/jupyterlab/static/364.bcb9782f2a53ddba.js (extension: .js)
[2026-09-22 09:51:32] [SUSPECT] /home/codespace/.local/lib/python3.14/site-packages/jupyterlab/static/main.910e4a95b492eb7e.js (extension: .js)
[2026-09-22 09:51:32] [SUSPECT] /home/codespace/.local/lib/python3.14/site-packages/jupyterlab/static/4350.8660e174406ea5be.js (extension: .js)
[2026-09-22 09:51:32] [SUSPECT] /home/codespace/.local/lib/python3.14/site-packages/jupyterlab/static/9661.655bf8f7a2179fc9.js (extension: .js)
[2026-09-22 09:51:32] [SUSPECT] /home/codespace/.local/lib/python3.14/site-packages/jupyterlab/static/1164.8f9ceacce3ada5a5.js (extension: .js)
[2026-09-22 09:51:32] [SUSPECT] /home/codespace/.local/lib/python3.14/site-packages/jupyterlab/static/6091.c33ea6c1d12337e9.js (extension: .js)
[2026-09-22 09:51:32] [SUSPECT] /home/codespace/.local/lib/python3.14/site-packages/jupyterlab/static/5269.526be35f2326f6d5.js (extension: .js)
[2026-09-22 09:51:32] [SUSPECT] /home/codespace/.local/lib/python3.14/site-packages/jupyterlab/static/4529.df0e69513649e036.js (extension: .js)
[2026-09-22 09:51:32] [SUSPECT] /home/codespace/.local/lib/python3.14/site-packages/jupyterlab/static/4889.054114d42698ba53.js (extension: .js)
[2026-09-22 09:51:32] [SUSPECT] /home/codespace/.local/lib/python3.14/site-packages/jupyterlab/static/5590.b1eff6ecc707d732.js (extension: .js)
[2026-09-22 09:51:32] [SUSPECT] /home/codespace/.local/lib/python3.14/site-packages/jupyterlab/static/1207.29d49de7be30f3c3.js (extension: .js)
[2026-09-22 09:51:32] [SUSPECT] /home/codespace/.local/lib/python3.14/site-packages/jupyterlab/static/6226.17128996c369590f.js (extension: .js)
[2026-09-22 09:51:32] [SUSPECT] /home/codespace/.local/lib/python3.14/site-packages/jupyterlab/static/4699.9a951709f4e3ac3b.js (extension: .js)
[2026-09-22 09:51:32] [SUSPECT] /home/codespace/.local/lib/python3.14/site-packages/jupyterlab/static/4518.7178f5d20f9b21c8.js (extension: .js)
[2026-09-22 09:51:32] [SUSPECT] /home/codespace/.local/lib/python3.14/site-packages/jupyterlab/static/6268.c7463ce37d9a9e1a.js (extension: .js)
[2026-09-22 09:51:32] [SUSPECT] /home/codespace/.local/lib/python3.14/site-packages/jupyterlab/static/9202.e985dbfa0c547ac4.js (extension: .js)
[2026-09-22 09:51:32] [SUSPECT] /home/codespace/.local/lib/python3.14/site-packages/jupyterlab/static/8117.be77bf91abba08f8.js (extension: .js)
[2026-09-22 09:51:32] [SUSPECT] /home/codespace/.local/lib/python3.14/site-packages/jupyterlab/static/4550.097f83560a3b698b.js (extension: .js)
[2026-09-22 09:51:32] [SUSPECT] /home/codespace/.local/lib/python3.14/site-packages/jupyterlab/static/5950.746569d70231a7a3.js (extension: .js)
[2026-09-22 09:51:32] [SUSPECT] /home/codespace/.local/lib/python3.14/site-packages/jupyterlab/static/6460.cfd47bf7b3826e3c.js (extension: .js)
[2026-09-22 09:51:32] [SUSPECT] /home/codespace/.local/lib/python3.14/site-packages/jupyterlab/static/7945.a101bb619f061c07.js (extension: .js)
[2026-09-22 09:51:32] [SUSPECT] /home/codespace/.local/lib/python3.14/site-packages/jupyterlab/static/3859.403a786cad5dbcb1.js (extension: .js)
[2026-09-22 09:51:32] [SUSPECT] /home/codespace/.local/lib/python3.14/site-packages/jupyterlab/static/9198.1ee665a54bb815d8.js (extension: .js)
[2026-09-22 09:51:32] [SUSPECT] /home/codespace/.local/lib/python3.14/site-packages/jupyterlab/static/6210.f06451ec672125de.js (extension: .js)
[2026-09-22 09:51:32] [SUSPECT] /home/codespace/.local/lib/python3.14/site-packages/jupyterlab/static/5633.af0479b6c739b55f.js (extension: .js)
[2026-09-22 09:51:32] [SUSPECT] /home/codespace/.local/lib/python3.14/site-packages/jupyterlab/static/6128.e0b412861d5dc655.js (extension: .js)
[2026-09-22 09:51:32] [SUSPECT] /home/codespace/.local/lib/python3.14/site-packages/jupyterlab/static/1286.7087e8344ef3005e.js (extension: .js)
[2026-09-22 09:51:32] [SUSPECT] /home/codespace/.local/lib/python3.14/site-packages/jupyterlab/static/1645.ed332d3fefafaead.js (extension: .js)
[2026-09-22 09:51:32] [SUSPECT] /home/codespace/.local/lib/python3.14/site-packages/jupyterlab/static/4232.15151af47a0093e1.js (extension: .js)
[2026-09-22 09:51:32] [SUSPECT] /home/codespace/.local/lib/python3.14/site-packages/jupyterlab/static/4395.a391f759c80d1173.js (extension: .js)
[2026-09-22 09:51:32] [SUSPECT] /home/codespace/.local/lib/python3.14/site-packages/jupyterlab/static/3684.a33054656643494f.js (extension: .js)
[2026-09-22 09:51:32] [SUSPECT] /home/codespace/.local/lib/python3.14/site-packages/jupyterlab/static/4501.8968b41e3c311fa4.js (extension: .js)
[2026-09-22 09:51:32] [SUSPECT] /home/codespace/.local/lib/python3.14/site-packages/jupyterlab/static/1460.b9d12dc72e63ec38.js (extension: .js)
[2026-09-22 09:51:32] [SUSPECT] /home/codespace/.local/lib/python3.14/site-packages/jupyterlab/static/1527.6dfbfd27636edb2e.js (extension: .js)
[2026-09-22 09:51:32] [SUSPECT] /home/codespace/.local/lib/python3.14/site-packages/jupyterlab/static/4474.8417de259dd57241.js (extension: .js)
[2026-09-22 09:51:32] [SUSPECT] /home/codespace/.local/lib/python3.14/site-packages/jupyterlab/static/8334.96a40ee125603c0b.js (extension: .js)
[2026-09-22 09:51:32] [SUSPECT] /home/codespace/.local/lib/python3.14/site-packages/jupyterlab/static/9325.b2a91650c8023d6f.js (extension: .js)
[2026-09-22 09:51:32] [SUSPECT] /home/codespace/.local/lib/python3.14/site-packages/jupyterlab/static/1028.812a1281fd9f7ba1.js (extension: .js)
[2026-09-22 09:51:32] [SUSPECT] /home/codespace/.local/lib/python3.14/site-packages/jupyterlab/static/8193.9632c310b34a061a.js (extension: .js)
[2026-09-22 09:51:32] [SUSPECT] /home/codespace/.local/lib/python3.14/site-packages/jupyterlab/static/1917.12a55957e6bd6fd0.js (extension: .js)
[2026-09-22 09:51:32] [SUSPECT] /home/codespace/.local/lib/python3.14/site-packages/jupyterlab/static/6556.27620b8340ce7baa.js (extension: .js)
[2026-09-22 09:51:32] [SUSPECT] /home/codespace/.local/lib/python3.14/site-packages/jupyterlab/static/4379.b42d95e853a44d36.js (extension: .js)
[2026-09-22 09:51:32] [SUSPECT] /home/codespace/.local/lib/python3.14/site-packages/jupyterlab/static/2121.8dc495824b1f59ce.js (extension: .js)
[2026-09-22 09:51:32] [SUSPECT] /home/codespace/.local/lib/python3.14/site-packages/jupyterlab/static/8237.c8dda379f753c54f.js (extension: .js)
[2026-09-22 09:51:32] [SUSPECT] /home/codespace/.local/lib/python3.14/site-packages/jupyterlab/static/2692.eee86b8138bc264e.js (extension: .js)
[2026-09-22 09:51:32] [SUSPECT] /home/codespace/.local/lib/python3.14/site-packages/jupyterlab/static/6715.9ed7169959ed7bbe.js (extension: .js)
[2026-09-22 09:51:32] [SUSPECT] /home/codespace/.local/lib/python3.14/site-packages/jupyterlab/static/3118.4862a7ce8cd88c72.js (extension: .js)
[2026-09-22 09:51:32] [SUSPECT] /home/codespace/.local/lib/python3.14/site-packages/jupyterlab/static/8608.b9176ffe9d48860a.js (extension: .js)
[2026-09-22 09:51:32] [SUSPECT] /home/codespace/.local/lib/python3.14/site-packages/jupyterlab/static/7465.89d45ad931f01de7.js (extension: .js)
[2026-09-22 09:51:32] [SUSPECT] /home/codespace/.local/lib/python3.14/site-packages/jupyterlab/static/9699.3f28ac81b1a6fe0d.js (extension: .js)
[2026-09-22 09:51:32] [SUSPECT] /home/codespace/.local/lib/python3.14/site-packages/jupyterlab/static/4818.15eaf82d426f67a6.js (extension: .js)
[2026-09-22 09:51:32] [SUSPECT] /home/codespace/.local/lib/python3.14/site-packages/jupyterlab/static/4607.01840ddc3a670dc8.js (extension: .js)
[2026-09-22 09:51:32] [SUSPECT] /home/codespace/.local/lib/python3.14/site-packages/jupyterlab/static/5091.fdbada73b8596c3a.js (extension: .js)
[2026-09-22 09:51:32] [SUSPECT] /home/codespace/.local/lib/python3.14/site-packages/jupyterlab/static/5365.5cde9e2eed3459e1.js (extension: .js)
[2026-09-22 09:51:32] [SUSPECT] /home/codespace/.local/lib/python3.14/site-packages/jupyterlab/static/2115.aaf130fb21b64ca1.js (extension: .js)
[2026-09-22 09:51:32] [SUSPECT] /home/codespace/.local/lib/python3.14/site-packages/jupyterlab/static/6544.a6dd73c3eb3b7acc.js (extension: .js)
[2026-09-22 09:51:32] [SUSPECT] /home/codespace/.local/lib/python3.14/site-packages/jupyterlab/static/5199.774d95482e8610ed.js (extension: .js)
[2026-09-22 09:51:32] [SUSPECT] /home/codespace/.local/lib/python3.14/site-packages/jupyterlab/static/1014.073326ef5d98db5e.js (extension: .js)
[2026-09-22 09:51:32] [SUSPECT] /home/codespace/.local/lib/python3.14/site-packages/jupyterlab/static/7624.84e163118dc91e21.js (extension: .js)
[2026-09-22 09:51:32] [SUSPECT] /home/codespace/.local/lib/python3.14/site-packages/jupyterlab/static/4385.29cdf9dd304b8c00.js (extension: .js)
[2026-09-22 09:51:32] [SUSPECT] /home/codespace/.local/lib/python3.14/site-packages/jupyterlab/static/7124.f66cecdfccaf71e3.js (extension: .js)
[2026-09-22 09:51:32] [SUSPECT] /home/codespace/.local/lib/python3.14/site-packages/jupyterlab/static/556.93609824fb812907.js (extension: .js)
[2026-09-22 09:51:32] [SUSPECT] /home/codespace/.local/lib/python3.14/site-packages/jupyterlab/static/7471.519beb728a80a53d.js (extension: .js)
[2026-09-22 09:51:32] [SUSPECT] /home/codespace/.local/lib/python3.14/site-packages/jupyterlab/static/8396.e78222626412f2da.js (extension: .js)
[2026-09-22 09:51:32] [SUSPECT] /home/codespace/.local/lib/python3.14/site-packages/jupyterlab/static/9111.92bcfcf14003ad2f.js (extension: .js)
[2026-09-22 09:51:32] [SUSPECT] /home/codespace/.local/lib/python3.14/site-packages/jupyterlab/static/7351.ae40313f9570f35e.js (extension: .js)
[2026-09-22 09:51:32] [SUSPECT] /home/codespace/.local/lib/python3.14/site-packages/jupyterlab/static/7658.eefc75d66e1237f4.js (extension: .js)
[2026-09-22 09:51:32] [SUSPECT] /home/codespace/.local/lib/python3.14/site-packages/jupyterlab/static/6363.6af9bee83fc1545e.js (extension: .js)
[2026-09-22 09:51:32] [SUSPECT] /home/codespace/.local/lib/python3.14/site-packages/jupyterlab/static/988.f2a9b9e578d483be.js (extension: .js)
[2026-09-22 09:51:32] [SUSPECT] /home/codespace/.local/lib/python3.14/site-packages/jupyterlab/static/7303.2f76fa853e5156a1.js (extension: .js)
[2026-09-22 09:51:32] [SUSPECT] /home/codespace/.local/lib/python3.14/site-packages/jupyterlab/static/173.0f2f9c4254903e63.js (extension: .js)
[2026-09-22 09:51:32] [SUSPECT] /home/codespace/.local/lib/python3.14/site-packages/jupyterlab/static/5393.e1ea0a2854451599.js (extension: .js)
[2026-09-22 09:51:32] [SUSPECT] /home/codespace/.local/lib/python3.14/site-packages/jupyterlab/static/1447.0dc5eacf8f731ec8.js (extension: .js)
[2026-09-22 09:51:32] [SUSPECT] /home/codespace/.local/lib/python3.14/site-packages/jupyterlab/static/5771.81ccf7f308486f21.js (extension: .js)
[2026-09-22 09:51:32] [SUSPECT] /home/codespace/.local/lib/python3.14/site-packages/jupyterlab/static/9599.dd974794b7c07169.js (extension: .js)
[2026-09-22 09:51:32] [SUSPECT] /home/codespace/.local/lib/python3.14/site-packages/jupyterlab/static/4743.95a1b3de81f80653.js (extension: .js)
[2026-09-22 09:51:32] [SUSPECT] /home/codespace/.local/lib/python3.14/site-packages/jupyterlab/static/1601.c443d46d5b6dbb77.js (extension: .js)
[2026-09-22 09:51:32] [SUSPECT] /home/codespace/.local/lib/python3.14/site-packages/jupyterlab/static/2527.c3d675c406bf83b7.js (extension: .js)
[2026-09-22 09:51:32] [SUSPECT] /home/codespace/.local/lib/python3.14/site-packages/jupyterlab/static/9508.cf689ff58640c53a.js (extension: .js)
[2026-09-22 09:51:32] [SUSPECT] /home/codespace/.local/lib/python3.14/site-packages/jupyterlab/static/index.out.js (extension: .js)
[2026-09-22 09:51:32] [SUSPECT] /home/codespace/.local/lib/python3.14/site-packages/jupyterlab/static/4489.c64fdc8db0dead6d.js (extension: .js)
[2026-09-22 09:51:32] [SUSPECT] /home/codespace/.local/lib/python3.14/site-packages/jupyterlab/static/7164.ba599183b562fd19.js (extension: .js)
[2026-09-22 09:51:32] [SUSPECT] /home/codespace/.local/lib/python3.14/site-packages/jupyterlab/static/2914.93ec2ce85349bfcb.js (extension: .js)
[2026-09-22 09:51:32] [SUSPECT] /home/codespace/.local/lib/python3.14/site-packages/jupyterlab/static/9726.64286dad27041c11.js (extension: .js)
[2026-09-22 09:51:32] [SUSPECT] /home/codespace/.local/lib/python3.14/site-packages/jupyterlab/static/1311.39c4bb0b68584307.js (extension: .js)
[2026-09-22 09:51:32] [SUSPECT] /home/codespace/.local/lib/python3.14/site-packages/jupyterlab/static/9701.05648707e9bb8b5d.js (extension: .js)
[2026-09-22 09:51:32] [SUSPECT] /home/codespace/.local/lib/python3.14/site-packages/jupyterlab/static/8680.bb5e6e1f4a04dd0d.js (extension: .js)
[2026-09-22 09:51:32] [SUSPECT] /home/codespace/.local/lib/python3.14/site-packages/jupyterlab/static/79.3f3f05b6ad30d5b2.js (extension: .js)
[2026-09-22 09:51:32] [SUSPECT] /home/codespace/.local/lib/python3.14/site-packages/jupyterlab/static/8481.8d09bdb5f4090057.js (extension: .js)
[2026-09-22 09:51:32] [SUSPECT] /home/codespace/.local/lib/python3.14/site-packages/jupyterlab/static/9518.eb5fcc76b3bcd2d0.js (extension: .js)
[2026-09-22 09:51:32] [SUSPECT] /home/codespace/.local/lib/python3.14/site-packages/jupyterlab/static/3395.deb605f5e3565fba.js (extension: .js)
[2026-09-22 09:51:32] [SUSPECT] /home/codespace/.local/lib/python3.14/site-packages/jupyterlab/static/7556.376fb09ef7f361a2.js (extension: .js)
[2026-09-22 09:51:32] [SUSPECT] /home/codespace/.local/lib/python3.14/site-packages/jupyterlab/static/6307.abc431b32e13adf5.js (extension: .js)
[2026-09-22 09:51:32] [SUSPECT] /home/codespace/.local/lib/python3.14/site-packages/jupyterlab/static/7517.b4d8b77497bdb47f.js (extension: .js)
[2026-09-22 09:51:32] [SUSPECT] /home/codespace/.local/lib/python3.14/site-packages/jupyterlab/static/6401.b0b48dd9f0b7bb70.js (extension: .js)
[2026-09-22 09:51:32] [SUSPECT] /home/codespace/.local/lib/python3.14/site-packages/jupyterlab/static/2985.0927e52ba300a767.js (extension: .js)
[2026-09-22 09:51:32] [SUSPECT] /home/codespace/.local/lib/python3.14/site-packages/jupyterlab/static/5132.1738325d3b452d0c.js (extension: .js)
[2026-09-22 09:51:32] [SUSPECT] /home/codespace/.local/lib/python3.14/site-packages/jupyterlab/static/1410.1d8b2fb31efaebee.js (extension: .js)
[2026-09-22 09:51:32] [SUSPECT] /home/codespace/.local/lib/python3.14/site-packages/jupyterlab/static/3058.b4a2fce8c76a0dc7.js (extension: .js)
[2026-09-22 09:51:32] [SUSPECT] /home/codespace/.local/lib/python3.14/site-packages/jupyterlab/static/2001.fcd2209118a7e77d.js (extension: .js)
[2026-09-22 09:51:32] [SUSPECT] /home/codespace/.local/lib/python3.14/site-packages/jupyterlab/static/109.493a12dc42da3115.js (extension: .js)
[2026-09-22 09:51:32] [SUSPECT] /home/codespace/.local/lib/python3.14/site-packages/jupyterlab/static/6740.c8a5ff3db279dfe6.js (extension: .js)
[2026-09-22 09:51:32] [SUSPECT] /home/codespace/.local/lib/python3.14/site-packages/jupyterlab/static/3244.fc189622bc1b7623.js (extension: .js)
[2026-09-22 09:51:32] [SUSPECT] /home/codespace/.local/lib/python3.14/site-packages/jupyterlab/static/6329.cf5cdb43452b6d98.js (extension: .js)
[2026-09-22 09:51:32] [SUSPECT] /home/codespace/.local/lib/python3.14/site-packages/jupyterlab/static/4726.a26e5e177770dbdd.js (extension: .js)
[2026-09-22 09:51:32] [SUSPECT] /home/codespace/.local/lib/python3.14/site-packages/jupyterlab/static/7329.06440d69c17605fa.js (extension: .js)
[2026-09-22 09:51:32] [SUSPECT] /home/codespace/.local/lib/python3.14/site-packages/jupyterlab/static/9565.1e22fdb334167178.js (extension: .js)
[2026-09-22 09:51:32] [SUSPECT] /home/codespace/.local/lib/python3.14/site-packages/jupyterlab/static/3508.adc857c378089e63.js (extension: .js)
[2026-09-22 09:51:32] [SUSPECT] /home/codespace/.local/lib/python3.14/site-packages/jupyterlab/static/2751.054be16d1de152ed.js (extension: .js)
[2026-09-22 09:51:32] [SUSPECT] /home/codespace/.local/lib/python3.14/site-packages/jupyterlab/static/2272.1dd8f8d1ed60185f.js (extension: .js)
[2026-09-22 09:51:32] [SUSPECT] /home/codespace/.local/lib/python3.14/site-packages/jupyterlab/static/8710.afb8adb86f4ebcbb.js (extension: .js)
[2026-09-22 09:51:32] [SUSPECT] /home/codespace/.local/lib/python3.14/site-packages/jupyterlab/static/5681.1b71fd9241161445.js (extension: .js)
[2026-09-22 09:51:32] [SUSPECT] /home/codespace/.local/lib/python3.14/site-packages/jupyterlab/static/4251.502491875ee0f0d1.js (extension: .js)
[2026-09-22 09:51:32] [SUSPECT] /home/codespace/.local/lib/python3.14/site-packages/jupyterlab/static/7927.da23ef713a87584a.js (extension: .js)
[2026-09-22 09:51:32] [SUSPECT] /home/codespace/.local/lib/python3.14/site-packages/jupyterlab/static/442.cafd6178a234483f.js (extension: .js)
[2026-09-22 09:51:32] [SUSPECT] /home/codespace/.local/lib/python3.14/site-packages/jupyterlab/static/2857.ac62be053c711761.js (extension: .js)
[2026-09-22 09:51:32] [SUSPECT] /home/codespace/.local/lib/python3.14/site-packages/jupyterlab/static/1957.84d282100e18cd6c.js (extension: .js)
[2026-09-22 09:51:32] [SUSPECT] /home/codespace/.local/lib/python3.14/site-packages/jupyterlab/static/3946.5f42cf47e8320bf9.js (extension: .js)
[2026-09-22 09:51:32] [SUSPECT] /home/codespace/.local/lib/python3.14/site-packages/jupyterlab/static/1873.d0e670bd840a1d49.js (extension: .js)
[2026-09-22 09:51:32] [SUSPECT] /home/codespace/.local/lib/python3.14/site-packages/jupyterlab/static/3301.76c0882553a666a0.js (extension: .js)
[2026-09-22 09:51:32] [SUSPECT] /home/codespace/.local/lib/python3.14/site-packages/jupyterlab/static/2407.41669022954d447f.js (extension: .js)
[2026-09-22 09:51:32] [SUSPECT] /home/codespace/.local/lib/python3.14/site-packages/jupyterlab/static/8754.ee90775719c73894.js (extension: .js)
[2026-09-22 09:51:32] [SUSPECT] /home/codespace/.local/lib/python3.14/site-packages/jupyterlab/static/8777.b792426c6e1a7949.js (extension: .js)
[2026-09-22 09:51:32] [SUSPECT] /home/codespace/.local/lib/python3.14/site-packages/jupyterlab/static/7626.3a6cae02a9b4e2b6.js (extension: .js)
[2026-09-22 09:51:32] [SUSPECT] /home/codespace/.local/lib/python3.14/site-packages/jupyterlab/static/16.6cda5b6d5f0fa449.js (extension: .js)
[2026-09-22 09:51:32] [SUSPECT] /home/codespace/.local/lib/python3.14/site-packages/jupyterlab/static/9571.c203329fce5dca59.js (extension: .js)
[2026-09-22 09:51:32] [SUSPECT] /home/codespace/.local/lib/python3.14/site-packages/jupyterlab/static/415.d68965406d746cf6.js (extension: .js)
[2026-09-22 09:51:32] [SUSPECT] /home/codespace/.local/lib/python3.14/site-packages/jupyterlab/static/4797.ff27331deddd5f5e.js (extension: .js)
[2026-09-22 09:51:32] [SUSPECT] /home/codespace/.local/lib/python3.14/site-packages/jupyterlab/static/5968.885b22ebe1703fa9.js (extension: .js)
[2026-09-22 09:51:32] [SUSPECT] /home/codespace/.local/lib/python3.14/site-packages/jupyterlab/static/649.e0ad5b8a11471e53.js (extension: .js)
[2026-09-22 09:51:32] [SUSPECT] /home/codespace/.local/lib/python3.14/site-packages/jupyterlab/static/3762.bc2173c156f5a1fe.js (extension: .js)
[2026-09-22 09:51:32] [SUSPECT] /home/codespace/.local/lib/python3.14/site-packages/jupyterlab/static/9001.4f10419147a67141.js (extension: .js)
[2026-09-22 09:51:32] [SUSPECT] /home/codespace/.local/lib/python3.14/site-packages/jupyterlab/static/5371.b91aaf1a3fb37f5a.js (extension: .js)
[2026-09-22 09:51:32] [SUSPECT] /home/codespace/.local/lib/python3.14/site-packages/jupyterlab/static/2358.10a325f4d19e3817.js (extension: .js)
[2026-09-22 09:51:32] [SUSPECT] /home/codespace/.local/lib/python3.14/site-packages/jupyterlab/static/8209.0d84b19beaa90c18.js (extension: .js)
[2026-09-22 09:51:32] [SUSPECT] /home/codespace/.local/lib/python3.14/site-packages/jupyterlab/static/6482.17d9ad5d34b4312e.js (extension: .js)
[2026-09-22 09:51:32] [SUSPECT] /home/codespace/.local/lib/python3.14/site-packages/jupyterlab/static/2292.faf2551abff7e12e.js (extension: .js)
[2026-09-22 09:51:32] [SUSPECT] /home/codespace/.local/lib/python3.14/site-packages/jupyterlab/staging/webpack.prod.minimize.config.js (extension: .js)
[2026-09-22 09:51:32] [SUSPECT] /home/codespace/.local/lib/python3.14/site-packages/jupyterlab/staging/bootstrap.js (extension: .js)
[2026-09-22 09:51:32] [SUSPECT] /home/codespace/.local/lib/python3.14/site-packages/jupyterlab/staging/webpack.config.js (extension: .js)
[2026-09-22 09:51:32] [SUSPECT] /home/codespace/.local/lib/python3.14/site-packages/jupyterlab/staging/webpack.prod.release.config.js (extension: .js)
[2026-09-22 09:51:32] [SUSPECT] /home/codespace/.local/lib/python3.14/site-packages/jupyterlab/staging/webpack.prod.config.js (extension: .js)
[2026-09-22 09:51:32] [SUSPECT] /home/codespace/.local/lib/python3.14/site-packages/jupyterlab/staging/publicpath.js (extension: .js)
[2026-09-22 09:51:32] [SUSPECT] /home/codespace/.local/lib/python3.14/site-packages/jupyterlab/staging/index.js (extension: .js)
[2026-09-22 09:51:32] [SUSPECT] /home/codespace/.local/lib/python3.14/site-packages/jupyterlab/themes/@jupyterlab/theme-dark-extension/index.js (extension: .js)
[2026-09-22 09:51:32] [SUSPECT] /home/codespace/.local/lib/python3.14/site-packages/jupyterlab/themes/@jupyterlab/theme-dark-high-contrast-extension/index.js (extension: .js)
[2026-09-22 09:51:32] [SUSPECT] /home/codespace/.local/lib/python3.14/site-packages/jupyterlab/themes/@jupyterlab/theme-light-extension/index.js (extension: .js)
[2026-09-22 09:51:32] [SUSPECT] /home/codespace/.local/lib/python3.14/site-packages/jupyterlab/tests/mock_packages/extension/index.js (extension: .js)
[2026-09-22 09:51:32] [SUSPECT] /home/codespace/.local/lib/python3.14/site-packages/jupyterlab/tests/mock_packages/package/index.js (extension: .js)
[2026-09-22 09:51:32] [SUSPECT] /home/codespace/.local/lib/python3.14/site-packages/jupyterlab/tests/mock_packages/service-manager-extension/index.js (extension: .js)
[2026-09-22 09:51:32] [SUSPECT] /home/codespace/.local/lib/python3.14/site-packages/jupyterlab/tests/mock_packages/test-hyphens/index.js (extension: .js)
[2026-09-22 09:51:32] [SUSPECT] /home/codespace/.local/lib/python3.14/site-packages/jupyterlab/tests/mock_packages/mimeextension/index.js (extension: .js)
[2026-09-22 09:51:32] [SUSPECT] /home/codespace/.local/lib/python3.14/site-packages/jupyterlab/tests/mock_packages/incompat/index.js (extension: .js)
[2026-09-22 09:51:32] [SUSPECT] /home/codespace/.local/lib/python3.14/site-packages/jupyterlab/tests/mock_packages/test_no_hyphens/index.js (extension: .js)
[2026-09-22 09:51:32] [SUSPECT] /home/codespace/.local/lib/python3.14/site-packages/jupyterlab/tests/mock_packages/test-hyphens-underscore/index.js (extension: .js)
[2026-09-22 09:51:32] [SUSPECT] /home/codespace/.local/lib/python3.14/site-packages/jupyterlab/tests/mock_packages/interop/consumer/index.js (extension: .js)
[2026-09-22 09:51:32] [SUSPECT] /home/codespace/.local/lib/python3.14/site-packages/jupyterlab/tests/mock_packages/interop/token/index.js (extension: .js)
[2026-09-22 09:51:32] [SUSPECT] /home/codespace/.local/lib/python3.14/site-packages/jupyterlab/tests/mock_packages/interop/provider/index.js (extension: .js)
[2026-09-22 09:51:32] [SUSPECT] /home/codespace/.local/lib/python3.14/site-packages/jupyterlab/galata/@jupyterlab/galata-extension/static/style.js (extension: .js)
[2026-09-22 09:51:32] [SUSPECT] /home/codespace/.local/lib/python3.14/site-packages/jupyterlab/galata/@jupyterlab/galata-extension/static/lib_extension_index_js.573abb5f68d369fe.js (extension: .js)
[2026-09-22 09:51:32] [SUSPECT] /home/codespace/.local/lib/python3.14/site-packages/jupyterlab/galata/@jupyterlab/galata-extension/static/vendors-node_modules_fontsource_dejavu-sans_index_css.bf5a7bbac03d188c.js (extension: .js)
[2026-09-22 09:51:32] [SUSPECT] /home/codespace/.local/lib/python3.14/site-packages/jupyterlab/galata/@jupyterlab/galata-extension/static/vendors-node_modules_fontsource-variable_noto-sans-sc_index_css.386da7677f8b1f52.js (extension: .js)
[2026-09-22 09:51:32] [SUSPECT] /home/codespace/.local/lib/python3.14/site-packages/jupyterlab/galata/@jupyterlab/galata-extension/static/remoteEntry.d7e66883113389af.js (extension: .js)
[2026-09-22 09:51:32] [SUSPECT] /home/codespace/.local/lib/python3.14/site-packages/jupyterlab/galata/@jupyterlab/galata-extension/static/vendors-node_modules_fontsource_dejavu-mono_index_css.d98af1128b7590b9.js (extension: .js)
[2026-09-22 09:51:33] [SUSPECT] /home/codespace/.local/lib/python3.14/site-packages/terminado/_static/terminado.js (extension: .js)
[2026-09-22 09:51:34] [SUSPECT] /home/codespace/.local/lib/python3.14/site-packages/nbdime/notebook_ext/index.js (extension: .js)
[2026-09-22 09:51:34] [SUSPECT] /home/codespace/.local/lib/python3.14/site-packages/nbdime/webapp/static/4336.nbdime.js (extension: .js)
[2026-09-22 09:51:34] [SUSPECT] /home/codespace/.local/lib/python3.14/site-packages/nbdime/webapp/static/8886.nbdime.js (extension: .js)
[2026-09-22 09:51:34] [SUSPECT] /home/codespace/.local/lib/python3.14/site-packages/nbdime/webapp/static/7944.nbdime.js (extension: .js)
[2026-09-22 09:51:34] [SUSPECT] /home/codespace/.local/lib/python3.14/site-packages/nbdime/webapp/static/664.nbdime.js (extension: .js)
[2026-09-22 09:51:34] [SUSPECT] /home/codespace/.local/lib/python3.14/site-packages/nbdime/webapp/static/3217.nbdime.js (extension: .js)
[2026-09-22 09:51:34] [SUSPECT] /home/codespace/.local/lib/python3.14/site-packages/nbdime/webapp/static/2807.nbdime.js (extension: .js)
[2026-09-22 09:51:34] [SUSPECT] /home/codespace/.local/lib/python3.14/site-packages/nbdime/webapp/static/5932.nbdime.js (extension: .js)
[2026-09-22 09:51:34] [SUSPECT] /home/codespace/.local/lib/python3.14/site-packages/nbdime/webapp/static/1828.nbdime.js (extension: .js)
[2026-09-22 09:51:34] [SUSPECT] /home/codespace/.local/lib/python3.14/site-packages/nbdime/webapp/static/7736.nbdime.js (extension: .js)
[2026-09-22 09:51:34] [SUSPECT] /home/codespace/.local/lib/python3.14/site-packages/nbdime/webapp/static/7095.nbdime.js (extension: .js)
[2026-09-22 09:51:34] [SUSPECT] /home/codespace/.local/lib/python3.14/site-packages/nbdime/webapp/static/950.nbdime.js (extension: .js)
[2026-09-22 09:51:34] [SUSPECT] /home/codespace/.local/lib/python3.14/site-packages/nbdime/webapp/static/9263.nbdime.js (extension: .js)
[2026-09-22 09:51:34] [SUSPECT] /home/codespace/.local/lib/python3.14/site-packages/nbdime/webapp/static/8801.nbdime.js (extension: .js)
[2026-09-22 09:51:34] [SUSPECT] /home/codespace/.local/lib/python3.14/site-packages/nbdime/webapp/static/3374.nbdime.js (extension: .js)
[2026-09-22 09:51:34] [SUSPECT] /home/codespace/.local/lib/python3.14/site-packages/nbdime/webapp/static/1371.nbdime.js (extension: .js)
[2026-09-22 09:51:34] [SUSPECT] /home/codespace/.local/lib/python3.14/site-packages/nbdime/webapp/static/1177.nbdime.js (extension: .js)
[2026-09-22 09:51:34] [SUSPECT] /home/codespace/.local/lib/python3.14/site-packages/nbdime/webapp/static/4143.nbdime.js (extension: .js)
[2026-09-22 09:51:34] [SUSPECT] /home/codespace/.local/lib/python3.14/site-packages/nbdime/webapp/static/9749.nbdime.js (extension: .js)
[2026-09-22 09:51:34] [SUSPECT] /home/codespace/.local/lib/python3.14/site-packages/nbdime/webapp/static/7235.nbdime.js (extension: .js)
[2026-09-22 09:51:34] [SUSPECT] /home/codespace/.local/lib/python3.14/site-packages/nbdime/webapp/static/3579.nbdime.js (extension: .js)
[2026-09-22 09:51:34] [SUSPECT] /home/codespace/.local/lib/python3.14/site-packages/nbdime/webapp/static/118.nbdime.js (extension: .js)
[2026-09-22 09:51:34] [SUSPECT] /home/codespace/.local/lib/python3.14/site-packages/nbdime/webapp/static/5414.nbdime.js (extension: .js)
[2026-09-22 09:51:34] [SUSPECT] /home/codespace/.local/lib/python3.14/site-packages/nbdime/webapp/static/6600.nbdime.js (extension: .js)
[2026-09-22 09:51:34] [SUSPECT] /home/codespace/.local/lib/python3.14/site-packages/nbdime/webapp/static/5819.nbdime.js (extension: .js)
[2026-09-22 09:51:34] [SUSPECT] /home/codespace/.local/lib/python3.14/site-packages/nbdime/webapp/static/2563.nbdime.js (extension: .js)
[2026-09-22 09:51:34] [SUSPECT] /home/codespace/.local/lib/python3.14/site-packages/nbdime/webapp/static/8599.nbdime.js (extension: .js)
[2026-09-22 09:51:34] [SUSPECT] /home/codespace/.local/lib/python3.14/site-packages/nbdime/webapp/static/8303.nbdime.js (extension: .js)
[2026-09-22 09:51:34] [SUSPECT] /home/codespace/.local/lib/python3.14/site-packages/nbdime/webapp/static/9714.nbdime.js (extension: .js)
[2026-09-22 09:51:34] [SUSPECT] /home/codespace/.local/lib/python3.14/site-packages/nbdime/webapp/static/4474.nbdime.js (extension: .js)
[2026-09-22 09:51:34] [SUSPECT] /home/codespace/.local/lib/python3.14/site-packages/nbdime/webapp/static/1818.nbdime.js (extension: .js)
[2026-09-22 09:51:34] [SUSPECT] /home/codespace/.local/lib/python3.14/site-packages/nbdime/webapp/static/8446.nbdime.js (extension: .js)
[2026-09-22 09:51:34] [SUSPECT] /home/codespace/.local/lib/python3.14/site-packages/nbdime/webapp/static/9909.nbdime.js (extension: .js)
[2026-09-22 09:51:34] [SUSPECT] /home/codespace/.local/lib/python3.14/site-packages/nbdime/webapp/static/6242.nbdime.js (extension: .js)
[2026-09-22 09:51:34] [SUSPECT] /home/codespace/.local/lib/python3.14/site-packages/nbdime/webapp/static/7086.nbdime.js (extension: .js)
[2026-09-22 09:51:34] [SUSPECT] /home/codespace/.local/lib/python3.14/site-packages/nbdime/webapp/static/1553.nbdime.js (extension: .js)
[2026-09-22 09:51:34] [SUSPECT] /home/codespace/.local/lib/python3.14/site-packages/nbdime/webapp/static/4563.nbdime.js (extension: .js)
[2026-09-22 09:51:34] [SUSPECT] /home/codespace/.local/lib/python3.14/site-packages/nbdime/webapp/static/8596.nbdime.js (extension: .js)
[2026-09-22 09:51:34] [SUSPECT] /home/codespace/.local/lib/python3.14/site-packages/nbdime/webapp/static/9268.nbdime.js (extension: .js)
[2026-09-22 09:51:34] [SUSPECT] /home/codespace/.local/lib/python3.14/site-packages/nbdime/webapp/static/7935.nbdime.js (extension: .js)
[2026-09-22 09:51:34] [SUSPECT] /home/codespace/.local/lib/python3.14/site-packages/nbdime/webapp/static/8494.nbdime.js (extension: .js)
[2026-09-22 09:51:34] [SUSPECT] /home/codespace/.local/lib/python3.14/site-packages/nbdime/webapp/static/5039.nbdime.js (extension: .js)
[2026-09-22 09:51:34] [SUSPECT] /home/codespace/.local/lib/python3.14/site-packages/nbdime/webapp/static/719.nbdime.js (extension: .js)
[2026-09-22 09:51:34] [SUSPECT] /home/codespace/.local/lib/python3.14/site-packages/nbdime/webapp/static/541.nbdime.js (extension: .js)
[2026-09-22 09:51:34] [SUSPECT] /home/codespace/.local/lib/python3.14/site-packages/nbdime/webapp/static/5374.nbdime.js (extension: .js)
[2026-09-22 09:51:34] [SUSPECT] /home/codespace/.local/lib/python3.14/site-packages/nbdime/webapp/static/8059.nbdime.js (extension: .js)
[2026-09-22 09:51:34] [SUSPECT] /home/codespace/.local/lib/python3.14/site-packages/nbdime/webapp/static/5052.nbdime.js (extension: .js)
[2026-09-22 09:51:34] [SUSPECT] /home/codespace/.local/lib/python3.14/site-packages/nbdime/webapp/static/9179.nbdime.js (extension: .js)
[2026-09-22 09:51:34] [SUSPECT] /home/codespace/.local/lib/python3.14/site-packages/nbdime/webapp/static/7122.nbdime.js (extension: .js)
[2026-09-22 09:51:34] [SUSPECT] /home/codespace/.local/lib/python3.14/site-packages/nbdime/webapp/static/9039.nbdime.js (extension: .js)
[2026-09-22 09:51:34] [SUSPECT] /home/codespace/.local/lib/python3.14/site-packages/nbdime/webapp/static/4801.nbdime.js (extension: .js)
[2026-09-22 09:51:34] [SUSPECT] /home/codespace/.local/lib/python3.14/site-packages/nbdime/webapp/static/2460.nbdime.js (extension: .js)
[2026-09-22 09:51:34] [SUSPECT] /home/codespace/.local/lib/python3.14/site-packages/nbdime/webapp/static/4317.nbdime.js (extension: .js)
[2026-09-22 09:51:34] [SUSPECT] /home/codespace/.local/lib/python3.14/site-packages/nbdime/webapp/static/6148.nbdime.js (extension: .js)
[2026-09-22 09:51:34] [SUSPECT] /home/codespace/.local/lib/python3.14/site-packages/nbdime/webapp/static/8103.nbdime.js (extension: .js)
[2026-09-22 09:51:34] [SUSPECT] /home/codespace/.local/lib/python3.14/site-packages/nbdime/webapp/static/4978.nbdime.js (extension: .js)
[2026-09-22 09:51:34] [SUSPECT] /home/codespace/.local/lib/python3.14/site-packages/nbdime/webapp/static/8101.nbdime.js (extension: .js)
[2026-09-22 09:51:34] [SUSPECT] /home/codespace/.local/lib/python3.14/site-packages/nbdime/webapp/static/5121.nbdime.js (extension: .js)
[2026-09-22 09:51:34] [SUSPECT] /home/codespace/.local/lib/python3.14/site-packages/nbdime/webapp/static/6490.nbdime.js (extension: .js)
[2026-09-22 09:51:34] [SUSPECT] /home/codespace/.local/lib/python3.14/site-packages/nbdime/webapp/static/6697.nbdime.js (extension: .js)
[2026-09-22 09:51:34] [SUSPECT] /home/codespace/.local/lib/python3.14/site-packages/nbdime/webapp/static/4941.nbdime.js (extension: .js)
[2026-09-22 09:51:34] [SUSPECT] /home/codespace/.local/lib/python3.14/site-packages/nbdime/webapp/static/2241.nbdime.js (extension: .js)
[2026-09-22 09:51:34] [SUSPECT] /home/codespace/.local/lib/python3.14/site-packages/nbdime/webapp/static/5936.nbdime.js (extension: .js)
[2026-09-22 09:51:34] [SUSPECT] /home/codespace/.local/lib/python3.14/site-packages/nbdime/webapp/static/4626.nbdime.js (extension: .js)
[2026-09-22 09:51:34] [SUSPECT] /home/codespace/.local/lib/python3.14/site-packages/nbdime/webapp/static/142.nbdime.js (extension: .js)
[2026-09-22 09:51:34] [SUSPECT] /home/codespace/.local/lib/python3.14/site-packages/nbdime/webapp/static/7873.nbdime.js (extension: .js)
[2026-09-22 09:51:34] [SUSPECT] /home/codespace/.local/lib/python3.14/site-packages/nbdime/webapp/static/611.nbdime.js (extension: .js)
[2026-09-22 09:51:34] [SUSPECT] /home/codespace/.local/lib/python3.14/site-packages/nbdime/webapp/static/6333.nbdime.js (extension: .js)
[2026-09-22 09:51:34] [SUSPECT] /home/codespace/.local/lib/python3.14/site-packages/nbdime/webapp/static/638.nbdime.js (extension: .js)
[2026-09-22 09:51:34] [SUSPECT] /home/codespace/.local/lib/python3.14/site-packages/nbdime/webapp/static/5941.nbdime.js (extension: .js)
[2026-09-22 09:51:34] [SUSPECT] /home/codespace/.local/lib/python3.14/site-packages/nbdime/webapp/static/7491.nbdime.js (extension: .js)
[2026-09-22 09:51:34] [SUSPECT] /home/codespace/.local/lib/python3.14/site-packages/nbdime/webapp/static/5392.nbdime.js (extension: .js)
[2026-09-22 09:51:34] [SUSPECT] /home/codespace/.local/lib/python3.14/site-packages/nbdime/webapp/static/1050.nbdime.js (extension: .js)
[2026-09-22 09:51:34] [SUSPECT] /home/codespace/.local/lib/python3.14/site-packages/nbdime/webapp/static/700.nbdime.js (extension: .js)
[2026-09-22 09:51:34] [SUSPECT] /home/codespace/.local/lib/python3.14/site-packages/nbdime/webapp/static/9649.nbdime.js (extension: .js)
[2026-09-22 09:51:34] [SUSPECT] /home/codespace/.local/lib/python3.14/site-packages/nbdime/webapp/static/9878.nbdime.js (extension: .js)
[2026-09-22 09:51:34] [SUSPECT] /home/codespace/.local/lib/python3.14/site-packages/nbdime/webapp/static/1393.nbdime.js (extension: .js)
[2026-09-22 09:51:34] [SUSPECT] /home/codespace/.local/lib/python3.14/site-packages/nbdime/webapp/static/6356.nbdime.js (extension: .js)
[2026-09-22 09:51:34] [SUSPECT] /home/codespace/.local/lib/python3.14/site-packages/nbdime/webapp/static/605.nbdime.js (extension: .js)
[2026-09-22 09:51:34] [SUSPECT] /home/codespace/.local/lib/python3.14/site-packages/nbdime/webapp/static/8343.nbdime.js (extension: .js)
[2026-09-22 09:51:34] [SUSPECT] /home/codespace/.local/lib/python3.14/site-packages/nbdime/webapp/static/9506.nbdime.js (extension: .js)
[2026-09-22 09:51:34] [SUSPECT] /home/codespace/.local/lib/python3.14/site-packages/nbdime/webapp/static/5268.nbdime.js (extension: .js)
[2026-09-22 09:51:34] [SUSPECT] /home/codespace/.local/lib/python3.14/site-packages/nbdime/webapp/static/4120.nbdime.js (extension: .js)
[2026-09-22 09:51:34] [SUSPECT] /home/codespace/.local/lib/python3.14/site-packages/nbdime/webapp/static/128.nbdime.js (extension: .js)
[2026-09-22 09:51:34] [SUSPECT] /home/codespace/.local/lib/python3.14/site-packages/nbdime/webapp/static/1841.nbdime.js (extension: .js)
[2026-09-22 09:51:34] [SUSPECT] /home/codespace/.local/lib/python3.14/site-packages/nbdime/webapp/static/2800.nbdime.js (extension: .js)
[2026-09-22 09:51:34] [SUSPECT] /home/codespace/.local/lib/python3.14/site-packages/nbdime/webapp/static/7959.nbdime.js (extension: .js)
[2026-09-22 09:51:34] [SUSPECT] /home/codespace/.local/lib/python3.14/site-packages/nbdime/webapp/static/9991.nbdime.js (extension: .js)
[2026-09-22 09:51:34] [SUSPECT] /home/codespace/.local/lib/python3.14/site-packages/nbdime/webapp/static/6200.nbdime.js (extension: .js)
[2026-09-22 09:51:34] [SUSPECT] /home/codespace/.local/lib/python3.14/site-packages/nbdime/webapp/static/4190.nbdime.js (extension: .js)
[2026-09-22 09:51:34] [SUSPECT] /home/codespace/.local/lib/python3.14/site-packages/nbdime/webapp/static/6166.nbdime.js (extension: .js)
[2026-09-22 09:51:34] [SUSPECT] /home/codespace/.local/lib/python3.14/site-packages/nbdime/webapp/static/7032.nbdime.js (extension: .js)
[2026-09-22 09:51:34] [SUSPECT] /home/codespace/.local/lib/python3.14/site-packages/nbdime/webapp/static/7177.nbdime.js (extension: .js)
[2026-09-22 09:51:34] [SUSPECT] /home/codespace/.local/lib/python3.14/site-packages/nbdime/webapp/static/9146.nbdime.js (extension: .js)
[2026-09-22 09:51:34] [SUSPECT] /home/codespace/.local/lib/python3.14/site-packages/nbdime/webapp/static/4286.nbdime.js (extension: .js)
[2026-09-22 09:51:34] [SUSPECT] /home/codespace/.local/lib/python3.14/site-packages/nbdime/webapp/static/1488.nbdime.js (extension: .js)
[2026-09-22 09:51:34] [SUSPECT] /home/codespace/.local/lib/python3.14/site-packages/nbdime/webapp/static/955.nbdime.js (extension: .js)
[2026-09-22 09:51:34] [SUSPECT] /home/codespace/.local/lib/python3.14/site-packages/nbdime/webapp/static/3442.nbdime.js (extension: .js)
[2026-09-22 09:51:34] [SUSPECT] /home/codespace/.local/lib/python3.14/site-packages/nbdime/webapp/static/7299.nbdime.js (extension: .js)
[2026-09-22 09:51:34] [SUSPECT] /home/codespace/.local/lib/python3.14/site-packages/nbdime/webapp/static/2689.nbdime.js (extension: .js)
[2026-09-22 09:51:34] [SUSPECT] /home/codespace/.local/lib/python3.14/site-packages/nbdime/webapp/static/3233.nbdime.js (extension: .js)
[2026-09-22 09:51:34] [SUSPECT] /home/codespace/.local/lib/python3.14/site-packages/nbdime/webapp/static/1855.nbdime.js (extension: .js)
[2026-09-22 09:51:34] [SUSPECT] /home/codespace/.local/lib/python3.14/site-packages/nbdime/webapp/static/8162.nbdime.js (extension: .js)
[2026-09-22 09:51:34] [SUSPECT] /home/codespace/.local/lib/python3.14/site-packages/nbdime/webapp/static/4421.nbdime.js (extension: .js)
[2026-09-22 09:51:34] [SUSPECT] /home/codespace/.local/lib/python3.14/site-packages/nbdime/webapp/static/2915.nbdime.js (extension: .js)
[2026-09-22 09:51:34] [SUSPECT] /home/codespace/.local/lib/python3.14/site-packages/nbdime/webapp/static/nbdime.js (extension: .js)
[2026-09-22 09:51:34] [SUSPECT] /home/codespace/.local/lib/python3.14/site-packages/nbdime/webapp/static/9497.nbdime.js (extension: .js)
[2026-09-22 09:51:34] [SUSPECT] /home/codespace/.local/lib/python3.14/site-packages/nbdime/webapp/static/3471.nbdime.js (extension: .js)
[2026-09-22 09:51:34] [SUSPECT] /home/codespace/.local/lib/python3.14/site-packages/nbdime/webapp/static/7885.nbdime.js (extension: .js)
[2026-09-22 09:51:34] [SUSPECT] /home/codespace/.local/lib/python3.14/site-packages/nbdime/webapp/static/989.nbdime.js (extension: .js)
[2026-09-22 09:51:34] [SUSPECT] /home/codespace/.local/lib/python3.14/site-packages/nbdime/webapp/static/6347.nbdime.js (extension: .js)
[2026-09-22 09:51:34] [SUSPECT] /home/codespace/.local/lib/python3.14/site-packages/nbdime/webapp/static/9227.nbdime.js (extension: .js)
[2026-09-22 09:51:34] [SUSPECT] /home/codespace/.local/lib/python3.14/site-packages/nbdime/webapp/static/3104.nbdime.js (extension: .js)
[2026-09-22 09:51:34] [SUSPECT] /home/codespace/.local/lib/python3.14/site-packages/nbdime/webapp/static/930.nbdime.js (extension: .js)
[2026-09-22 09:51:34] [SUSPECT] /home/codespace/.local/lib/python3.14/site-packages/nbdime/webapp/static/3978.nbdime.js (extension: .js)
[2026-09-22 09:51:34] [SUSPECT] /home/codespace/.local/lib/python3.14/site-packages/nbdime/webapp/static/6976.nbdime.js (extension: .js)
[2026-09-22 09:51:34] [SUSPECT] /home/codespace/.local/lib/python3.14/site-packages/nbdime/webapp/static/6594.nbdime.js (extension: .js)
[2026-09-22 09:51:34] [SUSPECT] /home/codespace/.local/lib/python3.14/site-packages/nbdime/webapp/static/9807.nbdime.js (extension: .js)
[2026-09-22 09:51:34] [SUSPECT] /home/codespace/.local/lib/python3.14/site-packages/nbdime/webapp/static/7794.nbdime.js (extension: .js)
[2026-09-22 09:51:34] [SUSPECT] /home/codespace/.local/lib/python3.14/site-packages/nbdime/webapp/static/1301.nbdime.js (extension: .js)
[2026-09-22 09:51:34] [SUSPECT] /home/codespace/.local/lib/python3.14/site-packages/nbdime/webapp/static/8572.nbdime.js (extension: .js)
[2026-09-22 09:51:34] [SUSPECT] /home/codespace/.local/lib/python3.14/site-packages/nbdime/webapp/static/5341.nbdime.js (extension: .js)
[2026-09-22 09:51:34] [SUSPECT] /home/codespace/.local/lib/python3.14/site-packages/nbdime/webapp/static/5072.nbdime.js (extension: .js)
[2026-09-22 09:51:34] [SUSPECT] /home/codespace/.local/lib/python3.14/site-packages/nbdime/webapp/static/2214.nbdime.js (extension: .js)
[2026-09-22 09:51:34] [SUSPECT] /home/codespace/.local/lib/python3.14/site-packages/nbdime/webapp/static/9084.nbdime.js (extension: .js)
[2026-09-22 09:51:34] [SUSPECT] /home/codespace/.local/lib/python3.14/site-packages/nbdime/webapp/static/4618.nbdime.js (extension: .js)
[2026-09-22 09:51:34] [SUSPECT] /home/codespace/.local/lib/python3.14/site-packages/nbdime/webapp/static/8214.nbdime.js (extension: .js)
[2026-09-22 09:51:34] [SUSPECT] /home/codespace/.local/lib/python3.14/site-packages/jupyterlab_git_core/labextension/static/style.js (extension: .js)
[2026-09-22 09:51:34] [SUSPECT] /home/codespace/.local/lib/python3.14/site-packages/jupyterlab_git_core/labextension/static/0.a52497d93d3ab5d6e774.js (extension: .js)
[2026-09-22 09:51:34] [SUSPECT] /home/codespace/.local/lib/python3.14/site-packages/jupyterlab_git_core/labextension/static/30.73fe973023c4f16d41ec.js (extension: .js)
[2026-09-22 09:51:34] [SUSPECT] /home/codespace/.local/lib/python3.14/site-packages/jupyterlab_git_core/labextension/static/285.d254043b1bccbfe0ffe1.js (extension: .js)
[2026-09-22 09:51:34] [SUSPECT] /home/codespace/.local/lib/python3.14/site-packages/jupyterlab_git_core/labextension/static/624.3c85a6bbdbc51f9e1e49.js (extension: .js)
[2026-09-22 09:51:34] [SUSPECT] /home/codespace/.local/lib/python3.14/site-packages/jupyterlab_git_core/labextension/static/728.df5feda207a1e893cb5b.js (extension: .js)
[2026-09-22 09:51:34] [SUSPECT] /home/codespace/.local/lib/python3.14/site-packages/jupyterlab_git_core/labextension/static/148.cbf580212ab5aabb32e7.js (extension: .js)
[2026-09-22 09:51:34] [SUSPECT] /home/codespace/.local/lib/python3.14/site-packages/jupyterlab_git_core/labextension/static/767.cbf580212ab5aabb32e7.js (extension: .js)
[2026-09-22 09:51:34] [SUSPECT] /home/codespace/.local/lib/python3.14/site-packages/jupyterlab_git_core/labextension/static/344.f868eff75a53b5738300.js (extension: .js)
[2026-09-22 09:51:34] [SUSPECT] /home/codespace/.local/lib/python3.14/site-packages/jupyterlab_git_core/labextension/static/613.774f9311a797da98c78c.js (extension: .js)
[2026-09-22 09:51:34] [SUSPECT] /home/codespace/.local/lib/python3.14/site-packages/jupyterlab_git_core/labextension/static/868.d676597a2f2e6dc11da1.js (extension: .js)
[2026-09-22 09:51:34] [SUSPECT] /home/codespace/.local/lib/python3.14/site-packages/jupyterlab_git_core/labextension/static/746.63a629b4adcc39902469.js (extension: .js)
[2026-09-22 09:51:34] [SUSPECT] /home/codespace/.local/lib/python3.14/site-packages/jupyterlab_git_core/labextension/static/108.fa3d55390a5678f3187c.js (extension: .js)
[2026-09-22 09:51:34] [SUSPECT] /home/codespace/.local/lib/python3.14/site-packages/jupyterlab_git_core/labextension/static/85.84199acbf190cc469117.js (extension: .js)
[2026-09-22 09:51:34] [SUSPECT] /home/codespace/.local/lib/python3.14/site-packages/jupyterlab_git_core/labextension/static/remoteEntry.177e49c3144019a3feba.js (extension: .js)
[2026-09-22 09:51:34] [SUSPECT] /home/codespace/.local/lib/python3.14/site-packages/jupyterlab_git_core/labextension/static/591.f9d8c88a3bf3f554d558.js (extension: .js)
[2026-09-22 09:51:34] [SUSPECT] /home/codespace/.local/lib/python3.14/site-packages/jupyterlab_git_core/labextension/static/456.929ea0e72d77cc4fff0d.js (extension: .js)
[2026-09-22 09:51:34] [SUSPECT] /home/codespace/.local/lib/python3.14/site-packages/jupyterlab_git_core/labextension/static/189.455b1faea126dddf16a2.js (extension: .js)
[2026-09-22 09:51:34] [SUSPECT] /home/codespace/.local/lib/python3.14/site-packages/jupyterlab_git_core/labextension/static/736.77826831dce28644f3ae.js (extension: .js)
[2026-09-22 09:51:34] [SUSPECT] /home/codespace/.local/lib/python3.14/site-packages/jupyterlab_git_core/labextension/static/503.6c987d54befe07f6b2ef.js (extension: .js)
[2026-09-22 09:51:39] [SUSPECT] /home/codespace/.vscode-remote/extensions/github.codespaces-1.18.16/port-forwarder-hub.js (extension: .js)
[2026-09-22 09:51:39] [SUSPECT] /home/codespace/.vscode-remote/extensions/github.codespaces-1.18.16/dist/spec-node/devContainersSpecCLI.js (extension: .js)
[2026-09-22 09:51:39] [SUSPECT] /home/codespace/.vscode-remote/extensions/github.codespaces-1.18.16/out/bundle/extension-node.js (extension: .js)
[2026-09-22 09:51:39] [SUSPECT] /home/codespace/.vscode-remote/extensions/github.codespaces-1.18.16/out/bundle/extension-web.js (extension: .js)
[2026-09-22 09:51:39] [SUSPECT] /home/codespace/.vscode-remote/extensions/github.vscode-pull-request-github-0.166.1/dist/webview-open-pr-view.js (extension: .js)
[2026-09-22 09:51:39] [SUSPECT] /home/codespace/.vscode-remote/extensions/github.vscode-pull-request-github-0.166.1/dist/extension.js (extension: .js)
[2026-09-22 09:51:39] [SUSPECT] /home/codespace/.vscode-remote/extensions/github.vscode-pull-request-github-0.166.1/dist/webview-create-pr-view-new.js (extension: .js)
[2026-09-22 09:51:39] [SUSPECT] /home/codespace/.vscode-remote/extensions/github.vscode-pull-request-github-0.166.1/dist/webview-pr-description.js (extension: .js)
[2026-09-22 09:51:39] [SUSPECT] /home/codespace/.vscode-remote/extensions/github.vscode-pull-request-github-0.166.1/dist/browser/extension.js (extension: .js)
[2026-09-22 09:51:39] [SUSPECT] /home/codespace/.vscode-remote/extensions/ms-python.vscode-python-envs-1.36.0-linux-x64/dist/extension.js (extension: .js)
[2026-09-22 09:51:39] [SUSPECT] /home/codespace/.vscode-remote/extensions/github.github-vscode-theme-6.3.5/src/colors.js (extension: .js)
[2026-09-22 09:51:39] [SUSPECT] /home/codespace/.vscode-remote/extensions/github.github-vscode-theme-6.3.5/src/theme.js (extension: .js)
[2026-09-22 09:51:39] [SUSPECT] /home/codespace/.vscode-remote/extensions/github.github-vscode-theme-6.3.5/src/index.js (extension: .js)
[2026-09-22 09:51:39] [SUSPECT] /home/codespace/.vscode-remote/extensions/github.github-vscode-theme-6.3.5/src/classic/primer.js (extension: .js)
[2026-09-22 09:51:39] [SUSPECT] /home/codespace/.vscode-remote/extensions/github.github-vscode-theme-6.3.5/src/classic/process.js (extension: .js)
[2026-09-22 09:51:39] [SUSPECT] /home/codespace/.vscode-remote/extensions/github.github-vscode-theme-6.3.5/src/classic/theme.js (extension: .js)
[2026-09-22 09:51:39] [SUSPECT] /home/codespace/.vscode-remote/extensions/ms-python.vscode-pylance-2026.3.1/dist/pyright.bundle.js (extension: .js)
[2026-09-22 09:51:40] [SUSPECT] /home/codespace/.vscode-remote/extensions/ms-python.vscode-pylance-2026.3.1/dist/copilot-background.bundle.js (extension: .js)
[2026-09-22 09:51:40] [SUSPECT] /home/codespace/.vscode-remote/extensions/ms-python.vscode-pylance-2026.3.1/dist/vendor.bundle.js (extension: .js)
[2026-09-22 09:51:40] [SUSPECT] /home/codespace/.vscode-remote/extensions/ms-python.vscode-pylance-2026.3.1/dist/typeServer.bundle.js (extension: .js)
[2026-09-22 09:51:40] [SUSPECT] /home/codespace/.vscode-remote/extensions/ms-python.vscode-pylance-2026.3.1/dist/copilot-server.bundle.js (extension: .js)
[2026-09-22 09:51:40] [SUSPECT] /home/codespace/.vscode-remote/extensions/ms-python.vscode-pylance-2026.3.1/dist/extension.bundle.js (extension: .js)
[2026-09-22 09:51:40] [SUSPECT] /home/codespace/.vscode-remote/extensions/ms-python.vscode-pylance-2026.3.1/dist/browser.498.bundle.js (extension: .js)
[2026-09-22 09:51:40] [SUSPECT] /home/codespace/.vscode-remote/extensions/ms-python.vscode-pylance-2026.3.1/dist/copilot-vendor.bundle.js (extension: .js)
[2026-09-22 09:51:40] [SUSPECT] /home/codespace/.vscode-remote/extensions/ms-python.vscode-pylance-2026.3.1/dist/copilot-pyright.bundle.js (extension: .js)
[2026-09-22 09:51:40] [SUSPECT] /home/codespace/.vscode-remote/extensions/ms-python.vscode-pylance-2026.3.1/dist/mainSandboxWorker.bundle.js (extension: .js)
[2026-09-22 09:51:40] [SUSPECT] /home/codespace/.vscode-remote/extensions/ms-python.vscode-pylance-2026.3.1/dist/browser.extension.bundle.js (extension: .js)
[2026-09-22 09:51:40] [SUSPECT] /home/codespace/.vscode-remote/extensions/ms-python.vscode-pylance-2026.3.1/dist/browser.624.bundle.js (extension: .js)
[2026-09-22 09:51:40] [SUSPECT] /home/codespace/.vscode-remote/extensions/ms-python.vscode-pylance-2026.3.1/dist/threadSandboxWorker.bundle.js (extension: .js)
[2026-09-22 09:51:40] [SUSPECT] /home/codespace/.vscode-remote/extensions/ms-python.vscode-pylance-2026.3.1/dist/browser.async.bundle.js (extension: .js)
[2026-09-22 09:51:40] [SUSPECT] /home/codespace/.vscode-remote/extensions/ms-python.vscode-pylance-2026.3.1/dist/server.bundle.js (extension: .js)
[2026-09-22 09:51:40] [SUSPECT] /home/codespace/.vscode-remote/extensions/ms-python.vscode-pylance-2026.3.1/dist/bundled/bin/win32-x64/pylance-service.exe (extension: .exe)
[2026-09-22 09:51:40] [SUSPECT] /home/codespace/.vscode-remote/extensions/ms-python.vscode-pylance-2026.3.1/dist/bundled/bin/win32-arm64/pylance-service.exe (extension: .exe)
[2026-09-22 09:51:47] [SUSPECT] /home/codespace/.vscode-remote/extensions/ms-python.debugpy-2026.6.0-linux-x64/dist/extension.js (extension: .js)
[2026-09-22 09:51:47] [SUSPECT] /home/codespace/.vscode-remote/extensions/ms-python.debugpy-2026.6.0-linux-x64/bundled/scripts/noConfigScripts/debugpy.bat (extension: .bat)
[2026-09-22 09:51:47] [SUSPECT] /home/codespace/.vscode-remote/extensions/ms-python.debugpy-2026.6.0-linux-x64/bundled/scripts/noConfigScripts/debugpy.ps1 (extension: .ps1)
[2026-09-22 09:51:48] [SUSPECT] /home/codespace/.vscode-remote/extensions/ms-python.debugpy-2026.6.0-linux-x64/bundled/libs/debugpy/_vendored/pydevd/pydevd_attach_to_process/linux_and_mac/compile_manylinux.cmd (extension: .cmd)
[2026-09-22 09:51:48] [SUSPECT] /home/codespace/.vscode-remote/extensions/ms-python.debugpy-2026.6.0-linux-x64/bundled/libs/debugpy/_vendored/pydevd/pydevd_attach_to_process/windows/compile_windows.bat (extension: .bat)
[2026-09-22 09:51:48] [SUSPECT] /home/codespace/.vscode-remote/extensions/ms-python.python-2026.4.0-linux-x64/.eslintplugin/no-bad-gdpr-comment.js (extension: .js)
[2026-09-22 09:51:48] [SUSPECT] /home/codespace/.vscode-remote/extensions/ms-python.python-2026.4.0-linux-x64/dist/extension.browser.js (extension: .js)
[2026-09-22 09:51:48] [SUSPECT] /home/codespace/.vscode-remote/extensions/ms-python.python-2026.4.0-linux-x64/out/client/shellExec.worker.js (extension: .js)
[2026-09-22 09:51:48] [SUSPECT] /home/codespace/.vscode-remote/extensions/ms-python.python-2026.4.0-linux-x64/out/client/extension.js (extension: .js)
[2026-09-22 09:51:48] [SUSPECT] /home/codespace/.vscode-remote/extensions/ms-python.python-2026.4.0-linux-x64/out/client/registryValues.worker.js (extension: .js)
[2026-09-22 09:51:48] [SUSPECT] /home/codespace/.vscode-remote/extensions/ms-python.python-2026.4.0-linux-x64/out/client/registryKeys.worker.js (extension: .js)
[2026-09-22 09:51:48] [SUSPECT] /home/codespace/.vscode-remote/extensions/ms-python.python-2026.4.0-linux-x64/out/client/plainExec.worker.js (extension: .js)
[2026-09-22 09:51:48] [SUSPECT] /home/codespace/.vscode-remote/extensions/ms-python.python-2026.4.0-linux-x64/out/client/node_modules/source-map-support.js (extension: .js)
[2026-09-22 09:51:48] [SUSPECT] /home/codespace/.vscode-remote/extensions/ms-python.python-2026.4.0-linux-x64/out/client/node_modules/sudo-prompt.js (extension: .js)
[2026-09-22 09:51:48] [SUSPECT] /home/codespace/.vscode-remote/extensions/ms-python.python-2026.4.0-linux-x64/out/client/node_modules/xml2js.js (extension: .js)
[2026-09-22 09:51:48] [SUSPECT] /home/codespace/.vscode-remote/extensions/ms-python.python-2026.4.0-linux-x64/out/client/node_modules/node-stream-zip.js (extension: .js)
[2026-09-22 09:51:48] [SUSPECT] /home/codespace/.vscode-remote/extensions/ms-python.python-2026.4.0-linux-x64/out/client/node_modules/unicode/category/Lo.js (extension: .js)
[2026-09-22 09:51:48] [SUSPECT] /home/codespace/.vscode-remote/extensions/ms-python.python-2026.4.0-linux-x64/out/client/node_modules/unicode/category/Nd.js (extension: .js)
[2026-09-22 09:51:48] [SUSPECT] /home/codespace/.vscode-remote/extensions/ms-python.python-2026.4.0-linux-x64/out/client/node_modules/unicode/category/Mc.js (extension: .js)
[2026-09-22 09:51:48] [SUSPECT] /home/codespace/.vscode-remote/extensions/ms-python.python-2026.4.0-linux-x64/out/client/node_modules/unicode/category/Pc.js (extension: .js)
[2026-09-22 09:51:48] [SUSPECT] /home/codespace/.vscode-remote/extensions/ms-python.python-2026.4.0-linux-x64/out/client/node_modules/unicode/category/Lu.js (extension: .js)
[2026-09-22 09:51:48] [SUSPECT] /home/codespace/.vscode-remote/extensions/ms-python.python-2026.4.0-linux-x64/out/client/node_modules/unicode/category/Lm.js (extension: .js)
[2026-09-22 09:51:48] [SUSPECT] /home/codespace/.vscode-remote/extensions/ms-python.python-2026.4.0-linux-x64/out/client/node_modules/unicode/category/Mn.js (extension: .js)
[2026-09-22 09:51:48] [SUSPECT] /home/codespace/.vscode-remote/extensions/ms-python.python-2026.4.0-linux-x64/out/client/node_modules/unicode/category/Ll.js (extension: .js)
[2026-09-22 09:51:48] [SUSPECT] /home/codespace/.vscode-remote/extensions/ms-python.python-2026.4.0-linux-x64/out/client/node_modules/unicode/category/Lt.js (extension: .js)
[2026-09-22 09:51:48] [SUSPECT] /home/codespace/.vscode-remote/extensions/ms-python.python-2026.4.0-linux-x64/out/client/node_modules/unicode/category/Nl.js (extension: .js)
[2026-09-22 09:51:49] [SUSPECT] /home/codespace/.vscode-remote/extensions/ms-python.python-2026.4.0-linux-x64/python_files/deactivate/powershell/deactivate.ps1 (extension: .ps1)
[2026-09-22 09:51:51] [SUSPECT] /home/codespace/.cache/copilot/pkg/linux-x64/1.0.83/sea-loader.js (extension: .js)
[2026-09-22 09:51:51] [SUSPECT] /home/codespace/.cache/copilot/pkg/linux-x64/1.0.83/voice-server.js (extension: .js)
[2026-09-22 09:51:51] [SUSPECT] /home/codespace/.cache/copilot/pkg/linux-x64/1.0.83/app.js (extension: .js)
[2026-09-22 09:51:51] [SUSPECT] /home/codespace/.cache/copilot/pkg/linux-x64/1.0.83/voice-installer.worker.js (extension: .js)
[2026-09-22 09:51:51] [SUSPECT] /home/codespace/.cache/copilot/pkg/linux-x64/1.0.83/npm-loader.js (extension: .js)
[2026-09-22 09:51:51] [SUSPECT] /home/codespace/.cache/copilot/pkg/linux-x64/1.0.83/voice-engine.worker.js (extension: .js)
[2026-09-22 09:51:51] [SUSPECT] /home/codespace/.cache/copilot/pkg/linux-x64/1.0.83/index.js (extension: .js)
[2026-09-22 09:51:51] [SUSPECT] /home/codespace/.cache/copilot/pkg/linux-x64/1.0.87/sea-loader.js (extension: .js)
[2026-09-22 09:51:51] [SUSPECT] /home/codespace/.cache/copilot/pkg/linux-x64/1.0.87/voice-server.js (extension: .js)
[2026-09-22 09:51:51] [SUSPECT] /home/codespace/.cache/copilot/pkg/linux-x64/1.0.87/app.js (extension: .js)
[2026-09-22 09:51:51] [SUSPECT] /home/codespace/.cache/copilot/pkg/linux-x64/1.0.87/voice-installer.worker.js (extension: .js)
[2026-09-22 09:51:51] [SUSPECT] /home/codespace/.cache/copilot/pkg/linux-x64/1.0.87/npm-loader.js (extension: .js)
[2026-09-22 09:51:51] [SUSPECT] /home/codespace/.cache/copilot/pkg/linux-x64/1.0.87/voice-engine.worker.js (extension: .js)
[2026-09-22 09:51:51] [SUSPECT] /home/codespace/.cache/copilot/pkg/linux-x64/1.0.87/index.js (extension: .js)
[2026-09-22 09:51:51] [SUSPECT] /home/codespace/.cache/copilot/pkg/linux-x64/1.0.87/sdk/index.js (extension: .js)
[2026-09-22 09:51:52] [SUSPECT] /home/codespace/.cache/copilot/pkg/linux-x64/1.0.87/pvrecorder/index.js (extension: .js)
[2026-09-22 09:51:52] [SUSPECT] /home/codespace/.cache/copilot/pkg/linux-x64/1.0.87/webview/index.js (extension: .js)
[2026-09-22 09:51:52] [SUSPECT] /home/codespace/.cache/copilot/pkg/linux-x64/1.0.87/copilot-sdk/extension.js (extension: .js)
[2026-09-22 09:51:52] [SUSPECT] /home/codespace/.cache/copilot/pkg/linux-x64/1.0.87/copilot-sdk/index.js (extension: .js)
[2026-09-22 09:51:52] [SUSPECT] /home/codespace/.cache/copilot/pkg/linux-x64/1.0.87/foundry-local-sdk/index.js (extension: .js)
[2026-09-22 09:51:52] [SUSPECT] /home/codespace/.cache/copilot/pkg/linux-x64/1.0.87/foundry-local-sdk/node_modules/foundry-local-sdk/dist/foundryLocalManager.js (extension: .js)
[2026-09-22 09:51:52] [SUSPECT] /home/codespace/.cache/copilot/pkg/linux-x64/1.0.87/foundry-local-sdk/node_modules/foundry-local-sdk/dist/imodel.js (extension: .js)
[2026-09-22 09:51:52] [SUSPECT] /home/codespace/.cache/copilot/pkg/linux-x64/1.0.87/foundry-local-sdk/node_modules/foundry-local-sdk/dist/catalog.js (extension: .js)
[2026-09-22 09:51:52] [SUSPECT] /home/codespace/.cache/copilot/pkg/linux-x64/1.0.87/foundry-local-sdk/node_modules/foundry-local-sdk/dist/types.js (extension: .js)
[2026-09-22 09:51:52] [SUSPECT] /home/codespace/.cache/copilot/pkg/linux-x64/1.0.87/foundry-local-sdk/node_modules/foundry-local-sdk/dist/configuration.js (extension: .js)
[2026-09-22 09:51:52] [SUSPECT] /home/codespace/.cache/copilot/pkg/linux-x64/1.0.87/foundry-local-sdk/node_modules/foundry-local-sdk/dist/index.js (extension: .js)
[2026-09-22 09:51:52] [SUSPECT] /home/codespace/.cache/copilot/pkg/linux-x64/1.0.87/foundry-local-sdk/node_modules/foundry-local-sdk/dist/openai/embeddingClient.js (extension: .js)
[2026-09-22 09:51:52] [SUSPECT] /home/codespace/.cache/copilot/pkg/linux-x64/1.0.87/foundry-local-sdk/node_modules/foundry-local-sdk/dist/openai/audioClient.js (extension: .js)
[2026-09-22 09:51:52] [SUSPECT] /home/codespace/.cache/copilot/pkg/linux-x64/1.0.87/foundry-local-sdk/node_modules/foundry-local-sdk/dist/openai/chatClient.js (extension: .js)
[2026-09-22 09:51:52] [SUSPECT] /home/codespace/.cache/copilot/pkg/linux-x64/1.0.87/foundry-local-sdk/node_modules/foundry-local-sdk/dist/openai/liveAudioSession.js (extension: .js)
[2026-09-22 09:51:52] [SUSPECT] /home/codespace/.cache/copilot/pkg/linux-x64/1.0.87/foundry-local-sdk/node_modules/foundry-local-sdk/dist/openai/responsesClient.js (extension: .js)
[2026-09-22 09:51:52] [SUSPECT] /home/codespace/.cache/copilot/pkg/linux-x64/1.0.87/foundry-local-sdk/node_modules/foundry-local-sdk/dist/openai/liveAudioTypes.js (extension: .js)
[2026-09-22 09:51:52] [SUSPECT] /home/codespace/.cache/copilot/pkg/linux-x64/1.0.87/foundry-local-sdk/node_modules/foundry-local-sdk/dist/detail/modelLoadManager.js (extension: .js)
[2026-09-22 09:51:52] [SUSPECT] /home/codespace/.cache/copilot/pkg/linux-x64/1.0.87/foundry-local-sdk/node_modules/foundry-local-sdk/dist/detail/model.js (extension: .js)
[2026-09-22 09:51:52] [SUSPECT] /home/codespace/.cache/copilot/pkg/linux-x64/1.0.87/foundry-local-sdk/node_modules/foundry-local-sdk/dist/detail/modelVariant.js (extension: .js)
[2026-09-22 09:51:52] [SUSPECT] /home/codespace/.cache/copilot/pkg/linux-x64/1.0.87/foundry-local-sdk/node_modules/foundry-local-sdk/dist/detail/coreInterop.js (extension: .js)
[2026-09-22 09:51:52] [SUSPECT] /home/codespace/.cache/copilot/pkg/linux-x64/1.0.87/foundry-local-sdk/node_modules/foundry-local-sdk/node_modules/adm-zip/adm-zip.js (extension: .js)
[2026-09-22 09:51:52] [SUSPECT] /home/codespace/.cache/copilot/pkg/linux-x64/1.0.87/foundry-local-sdk/node_modules/foundry-local-sdk/node_modules/adm-zip/zipEntry.js (extension: .js)
[2026-09-22 09:51:52] [SUSPECT] /home/codespace/.cache/copilot/pkg/linux-x64/1.0.87/foundry-local-sdk/node_modules/foundry-local-sdk/node_modules/adm-zip/zipFile.js (extension: .js)
[2026-09-22 09:51:52] [SUSPECT] /home/codespace/.cache/copilot/pkg/linux-x64/1.0.87/foundry-local-sdk/node_modules/foundry-local-sdk/node_modules/adm-zip/util/errors.js (extension: .js)
[2026-09-22 09:51:52] [SUSPECT] /home/codespace/.cache/copilot/pkg/linux-x64/1.0.87/foundry-local-sdk/node_modules/foundry-local-sdk/node_modules/adm-zip/util/utils.js (extension: .js)
[2026-09-22 09:51:52] [SUSPECT] /home/codespace/.cache/copilot/pkg/linux-x64/1.0.87/foundry-local-sdk/node_modules/foundry-local-sdk/node_modules/adm-zip/util/constants.js (extension: .js)
[2026-09-22 09:51:52] [SUSPECT] /home/codespace/.cache/copilot/pkg/linux-x64/1.0.87/foundry-local-sdk/node_modules/foundry-local-sdk/node_modules/adm-zip/util/fattr.js (extension: .js)
[2026-09-22 09:51:52] [SUSPECT] /home/codespace/.cache/copilot/pkg/linux-x64/1.0.87/foundry-local-sdk/node_modules/foundry-local-sdk/node_modules/adm-zip/util/index.js (extension: .js)
[2026-09-22 09:51:52] [SUSPECT] /home/codespace/.cache/copilot/pkg/linux-x64/1.0.87/foundry-local-sdk/node_modules/foundry-local-sdk/node_modules/adm-zip/util/decoder.js (extension: .js)
[2026-09-22 09:51:52] [SUSPECT] /home/codespace/.cache/copilot/pkg/linux-x64/1.0.87/foundry-local-sdk/node_modules/foundry-local-sdk/node_modules/adm-zip/headers/mainHeader.js (extension: .js)
[2026-09-22 09:51:52] [SUSPECT] /home/codespace/.cache/copilot/pkg/linux-x64/1.0.87/foundry-local-sdk/node_modules/foundry-local-sdk/node_modules/adm-zip/headers/entryHeader.js (extension: .js)
[2026-09-22 09:51:52] [SUSPECT] /home/codespace/.cache/copilot/pkg/linux-x64/1.0.87/foundry-local-sdk/node_modules/foundry-local-sdk/node_modules/adm-zip/headers/index.js (extension: .js)
[2026-09-22 09:51:52] [SUSPECT] /home/codespace/.cache/copilot/pkg/linux-x64/1.0.87/foundry-local-sdk/node_modules/foundry-local-sdk/node_modules/adm-zip/methods/zipcrypto.js (extension: .js)
[2026-09-22 09:51:52] [SUSPECT] /home/codespace/.cache/copilot/pkg/linux-x64/1.0.87/foundry-local-sdk/node_modules/foundry-local-sdk/node_modules/adm-zip/methods/inflater.js (extension: .js)
[2026-09-22 09:51:52] [SUSPECT] /home/codespace/.cache/copilot/pkg/linux-x64/1.0.87/foundry-local-sdk/node_modules/foundry-local-sdk/node_modules/adm-zip/methods/deflater.js (extension: .js)
[2026-09-22 09:51:52] [SUSPECT] /home/codespace/.cache/copilot/pkg/linux-x64/1.0.87/foundry-local-sdk/node_modules/foundry-local-sdk/node_modules/adm-zip/methods/index.js (extension: .js)
[2026-09-22 09:51:52] [SUSPECT] /home/codespace/.cache/copilot/pkg/linux-x64/1.0.87/webview/node_modules/@webviewjs/webview/js-bindings.js (extension: .js)
[2026-09-22 09:51:52] [SUSPECT] /home/codespace/.cache/copilot/pkg/linux-x64/1.0.87/webview/node_modules/@webviewjs/webview/index.js (extension: .js)
[2026-09-22 09:51:52] [SUSPECT] /home/codespace/.cache/copilot/pkg/linux-x64/1.0.87/pvrecorder/node_modules/@picovoice/pvrecorder-node/dist/platforms.js (extension: .js)
[2026-09-22 09:51:52] [SUSPECT] /home/codespace/.cache/copilot/pkg/linux-x64/1.0.87/pvrecorder/node_modules/@picovoice/pvrecorder-node/dist/pv_recorder.js (extension: .js)
[2026-09-22 09:51:52] [SUSPECT] /home/codespace/.cache/copilot/pkg/linux-x64/1.0.87/pvrecorder/node_modules/@picovoice/pvrecorder-node/dist/errors.js (extension: .js)
[2026-09-22 09:51:52] [SUSPECT] /home/codespace/.cache/copilot/pkg/linux-x64/1.0.87/pvrecorder/node_modules/@picovoice/pvrecorder-node/dist/pv_recorder_status_t.js (extension: .js)
[2026-09-22 09:51:52] [SUSPECT] /home/codespace/.cache/copilot/pkg/linux-x64/1.0.87/pvrecorder/node_modules/@picovoice/pvrecorder-node/dist/index.js (extension: .js)
[2026-09-22 09:51:52] [SUSPECT] /home/codespace/.cache/copilot/pkg/linux-x64/1.0.83/sdk/index.js (extension: .js)
[2026-09-22 09:51:52] [SUSPECT] /home/codespace/.cache/copilot/pkg/linux-x64/1.0.83/pvrecorder/index.js (extension: .js)
[2026-09-22 09:51:52] [SUSPECT] /home/codespace/.cache/copilot/pkg/linux-x64/1.0.83/webview/index.js (extension: .js)
[2026-09-22 09:51:52] [SUSPECT] /home/codespace/.cache/copilot/pkg/linux-x64/1.0.83/copilot-sdk/extension.js (extension: .js)
[2026-09-22 09:51:52] [SUSPECT] /home/codespace/.cache/copilot/pkg/linux-x64/1.0.83/copilot-sdk/index.js (extension: .js)
[2026-09-22 09:51:52] [SUSPECT] /home/codespace/.cache/copilot/pkg/linux-x64/1.0.83/foundry-local-sdk/index.js (extension: .js)
[2026-09-22 09:51:52] [SUSPECT] /home/codespace/.cache/copilot/pkg/linux-x64/1.0.83/foundry-local-sdk/node_modules/foundry-local-sdk/dist/foundryLocalManager.js (extension: .js)
[2026-09-22 09:51:52] [SUSPECT] /home/codespace/.cache/copilot/pkg/linux-x64/1.0.83/foundry-local-sdk/node_modules/foundry-local-sdk/dist/imodel.js (extension: .js)
[2026-09-22 09:51:52] [SUSPECT] /home/codespace/.cache/copilot/pkg/linux-x64/1.0.83/foundry-local-sdk/node_modules/foundry-local-sdk/dist/catalog.js (extension: .js)
[2026-09-22 09:51:52] [SUSPECT] /home/codespace/.cache/copilot/pkg/linux-x64/1.0.83/foundry-local-sdk/node_modules/foundry-local-sdk/dist/types.js (extension: .js)
[2026-09-22 09:51:52] [SUSPECT] /home/codespace/.cache/copilot/pkg/linux-x64/1.0.83/foundry-local-sdk/node_modules/foundry-local-sdk/dist/configuration.js (extension: .js)
[2026-09-22 09:51:52] [SUSPECT] /home/codespace/.cache/copilot/pkg/linux-x64/1.0.83/foundry-local-sdk/node_modules/foundry-local-sdk/dist/index.js (extension: .js)
[2026-09-22 09:51:52] [SUSPECT] /home/codespace/.cache/copilot/pkg/linux-x64/1.0.83/foundry-local-sdk/node_modules/foundry-local-sdk/dist/openai/embeddingClient.js (extension: .js)
[2026-09-22 09:51:52] [SUSPECT] /home/codespace/.cache/copilot/pkg/linux-x64/1.0.83/foundry-local-sdk/node_modules/foundry-local-sdk/dist/openai/audioClient.js (extension: .js)
[2026-09-22 09:51:52] [SUSPECT] /home/codespace/.cache/copilot/pkg/linux-x64/1.0.83/foundry-local-sdk/node_modules/foundry-local-sdk/dist/openai/chatClient.js (extension: .js)
[2026-09-22 09:51:52] [SUSPECT] /home/codespace/.cache/copilot/pkg/linux-x64/1.0.83/foundry-local-sdk/node_modules/foundry-local-sdk/dist/openai/liveAudioSession.js (extension: .js)
[2026-09-22 09:51:52] [SUSPECT] /home/codespace/.cache/copilot/pkg/linux-x64/1.0.83/foundry-local-sdk/node_modules/foundry-local-sdk/dist/openai/responsesClient.js (extension: .js)
[2026-09-22 09:51:52] [SUSPECT] /home/codespace/.cache/copilot/pkg/linux-x64/1.0.83/foundry-local-sdk/node_modules/foundry-local-sdk/dist/openai/liveAudioTypes.js (extension: .js)
[2026-09-22 09:51:52] [SUSPECT] /home/codespace/.cache/copilot/pkg/linux-x64/1.0.83/foundry-local-sdk/node_modules/foundry-local-sdk/dist/detail/modelLoadManager.js (extension: .js)
[2026-09-22 09:51:52] [SUSPECT] /home/codespace/.cache/copilot/pkg/linux-x64/1.0.83/foundry-local-sdk/node_modules/foundry-local-sdk/dist/detail/model.js (extension: .js)
[2026-09-22 09:51:52] [SUSPECT] /home/codespace/.cache/copilot/pkg/linux-x64/1.0.83/foundry-local-sdk/node_modules/foundry-local-sdk/dist/detail/modelVariant.js (extension: .js)
[2026-09-22 09:51:52] [SUSPECT] /home/codespace/.cache/copilot/pkg/linux-x64/1.0.83/foundry-local-sdk/node_modules/foundry-local-sdk/dist/detail/coreInterop.js (extension: .js)
[2026-09-22 09:51:52] [SUSPECT] /home/codespace/.cache/copilot/pkg/linux-x64/1.0.83/foundry-local-sdk/node_modules/foundry-local-sdk/node_modules/adm-zip/adm-zip.js (extension: .js)
[2026-09-22 09:51:52] [SUSPECT] /home/codespace/.cache/copilot/pkg/linux-x64/1.0.83/foundry-local-sdk/node_modules/foundry-local-sdk/node_modules/adm-zip/zipEntry.js (extension: .js)
[2026-09-22 09:51:52] [SUSPECT] /home/codespace/.cache/copilot/pkg/linux-x64/1.0.83/foundry-local-sdk/node_modules/foundry-local-sdk/node_modules/adm-zip/zipFile.js (extension: .js)
[2026-09-22 09:51:52] [SUSPECT] /home/codespace/.cache/copilot/pkg/linux-x64/1.0.83/foundry-local-sdk/node_modules/foundry-local-sdk/node_modules/adm-zip/util/errors.js (extension: .js)
[2026-09-22 09:51:52] [SUSPECT] /home/codespace/.cache/copilot/pkg/linux-x64/1.0.83/foundry-local-sdk/node_modules/foundry-local-sdk/node_modules/adm-zip/util/utils.js (extension: .js)
[2026-09-22 09:51:52] [SUSPECT] /home/codespace/.cache/copilot/pkg/linux-x64/1.0.83/foundry-local-sdk/node_modules/foundry-local-sdk/node_modules/adm-zip/util/constants.js (extension: .js)
[2026-09-22 09:51:52] [SUSPECT] /home/codespace/.cache/copilot/pkg/linux-x64/1.0.83/foundry-local-sdk/node_modules/foundry-local-sdk/node_modules/adm-zip/util/fattr.js (extension: .js)
[2026-09-22 09:51:52] [SUSPECT] /home/codespace/.cache/copilot/pkg/linux-x64/1.0.83/foundry-local-sdk/node_modules/foundry-local-sdk/node_modules/adm-zip/util/index.js (extension: .js)
[2026-09-22 09:51:52] [SUSPECT] /home/codespace/.cache/copilot/pkg/linux-x64/1.0.83/foundry-local-sdk/node_modules/foundry-local-sdk/node_modules/adm-zip/util/decoder.js (extension: .js)
[2026-09-22 09:51:52] [SUSPECT] /home/codespace/.cache/copilot/pkg/linux-x64/1.0.83/foundry-local-sdk/node_modules/foundry-local-sdk/node_modules/adm-zip/headers/mainHeader.js (extension: .js)
[2026-09-22 09:51:52] [SUSPECT] /home/codespace/.cache/copilot/pkg/linux-x64/1.0.83/foundry-local-sdk/node_modules/foundry-local-sdk/node_modules/adm-zip/headers/entryHeader.js (extension: .js)
[2026-09-22 09:51:52] [SUSPECT] /home/codespace/.cache/copilot/pkg/linux-x64/1.0.83/foundry-local-sdk/node_modules/foundry-local-sdk/node_modules/adm-zip/headers/index.js (extension: .js)
[2026-09-22 09:51:52] [SUSPECT] /home/codespace/.cache/copilot/pkg/linux-x64/1.0.83/foundry-local-sdk/node_modules/foundry-local-sdk/node_modules/adm-zip/methods/zipcrypto.js (extension: .js)
[2026-09-22 09:51:52] [SUSPECT] /home/codespace/.cache/copilot/pkg/linux-x64/1.0.83/foundry-local-sdk/node_modules/foundry-local-sdk/node_modules/adm-zip/methods/inflater.js (extension: .js)
[2026-09-22 09:51:52] [SUSPECT] /home/codespace/.cache/copilot/pkg/linux-x64/1.0.83/foundry-local-sdk/node_modules/foundry-local-sdk/node_modules/adm-zip/methods/deflater.js (extension: .js)
[2026-09-22 09:51:52] [SUSPECT] /home/codespace/.cache/copilot/pkg/linux-x64/1.0.83/foundry-local-sdk/node_modules/foundry-local-sdk/node_modules/adm-zip/methods/index.js (extension: .js)
[2026-09-22 09:51:52] [SUSPECT] /home/codespace/.cache/copilot/pkg/linux-x64/1.0.83/webview/node_modules/@webviewjs/webview/js-bindings.js (extension: .js)
[2026-09-22 09:51:52] [SUSPECT] /home/codespace/.cache/copilot/pkg/linux-x64/1.0.83/webview/node_modules/@webviewjs/webview/index.js (extension: .js)
[2026-09-22 09:51:52] [SUSPECT] /home/codespace/.cache/copilot/pkg/linux-x64/1.0.83/pvrecorder/node_modules/@picovoice/pvrecorder-node/dist/platforms.js (extension: .js)
[2026-09-22 09:51:52] [SUSPECT] /home/codespace/.cache/copilot/pkg/linux-x64/1.0.83/pvrecorder/node_modules/@picovoice/pvrecorder-node/dist/pv_recorder.js (extension: .js)
[2026-09-22 09:51:52] [SUSPECT] /home/codespace/.cache/copilot/pkg/linux-x64/1.0.83/pvrecorder/node_modules/@picovoice/pvrecorder-node/dist/errors.js (extension: .js)
[2026-09-22 09:51:52] [SUSPECT] /home/codespace/.cache/copilot/pkg/linux-x64/1.0.83/pvrecorder/node_modules/@picovoice/pvrecorder-node/dist/pv_recorder_status_t.js (extension: .js)
[2026-09-22 09:51:53] [SUSPECT] /home/codespace/.cache/copilot/pkg/linux-x64/1.0.83/pvrecorder/node_modules/@picovoice/pvrecorder-node/dist/index.js (extension: .js)
[2026-09-22 09:51:55] Rapport sauvegardé : /workspaces/projet-antivirus/scan_report.json
